postgres-1  | The files belonging to this database system will be owned by user "postgres".
postgres-1  | This user must also own the server process.
postgres-1  | 
postgres-1  | The database cluster will be initialized with locale "en_US.utf8".
postgres-1  | The default database encoding has accordingly been set to "UTF8".
postgres-1  | The default text search configuration will be set to "english".
postgres-1  | 
postgres-1  | Data page checksums are enabled.
postgres-1  | 
postgres-1  | fixing permissions on existing directory /var/lib/postgresql/18/docker ... ok
postgres-1  | creating subdirectories ... ok
postgres-1  | selecting dynamic shared memory implementation ... posix
postgres-1  | selecting default "max_connections" ... 100
postgres-1  | selecting default "shared_buffers" ... 128MB
postgres-1  | selecting default time zone ... Etc/UTC
postgres-1  | creating configuration files ... ok
postgres-1  | running bootstrap script ... ok
postgres-1  | performing post-bootstrap initialization ... ok
postgres-1  | syncing data to disk ... ok
postgres-1  | 
postgres-1  | 
postgres-1  | Success. You can now start the database server using:
postgres-1  | 
postgres-1  |     pg_ctl -D /var/lib/postgresql/18/docker -l logfile start
postgres-1  | 
postgres-1  | initdb: warning: enabling "trust" authentication for local connections
postgres-1  | initdb: hint: You can change this by editing pg_hba.conf or using the option -A, or --auth-local and --auth-host, the next time you run initdb.
postgres-1  | waiting for server to start....2026-08-20 06:39:03.922 UTC [53] LOG:  starting PostgreSQL 18.4 (Debian 18.4-1.pgdg12+1) on aarch64-unknown-linux-gnu, compiled by gcc (Debian 12.2.0-14+deb12u1) 12.2.0, 64-bit
postgres-1  | 2026-08-20 06:39:03.924 UTC [53] LOG:  listening on Unix socket "/var/run/postgresql/.s.PGSQL.5432"
postgres-1  | 2026-08-20 06:39:03.930 UTC [59] LOG:  database system was shut down at 2026-08-20 06:39:03 UTC
postgres-1  | 2026-08-20 06:39:03.934 UTC [53] LOG:  database system is ready to accept connections
postgres-1  |  done
postgres-1  | server started
postgres-1  | CREATE DATABASE
postgres-1  | 
postgres-1  | 
postgres-1  | /usr/local/bin/docker-entrypoint.sh: running /docker-entrypoint-initdb.d/001-runtime-roles.sh
postgres-1  | DO
postgres-1  | CREATE ROLE
postgres-1  | CREATE ROLE
postgres-1  | DO
postgres-1  | GRANT ROLE
postgres-1  | GRANT ROLE
postgres-1  | DO
postgres-1  | REVOKE
postgres-1  | GRANT
postgres-1  | 
postgres-1  | 2026-08-20 06:39:04.166 UTC [53] LOG:  received fast shutdown request
postgres-1  | waiting for server to shut down....2026-08-20 06:39:04.167 UTC [53] LOG:  aborting any active transactions
postgres-1  | 2026-08-20 06:39:04.171 UTC [53] LOG:  background worker "logical replication launcher" (PID 62) exited with exit code 1
postgres-1  | 2026-08-20 06:39:04.171 UTC [57] LOG:  shutting down
postgres-1  | 2026-08-20 06:39:04.172 UTC [57] LOG:  checkpoint starting: shutdown immediate
postgres-1  | 2026-08-20 06:39:04.219 UTC [57] LOG:  checkpoint complete: wrote 956 buffers (5.8%), wrote 3 SLRU buffers; 0 WAL file(s) added, 0 removed, 0 recycled; write=0.014 s, sync=0.030 s, total=0.049 s; sync files=316, longest=0.003 s, average=0.001 s; distance=4343 kB, estimate=4343 kB; lsn=0/1B94FF8, redo lsn=0/1B94FF8
postgres-1  | 2026-08-20 06:39:04.227 UTC [53] LOG:  database system is shut down
postgres-1  |  done
postgres-1  | server stopped
postgres-1  | 
postgres-1  | PostgreSQL init process complete; ready for start up.
postgres-1  | 
postgres-1  | 2026-08-20 06:39:04.285 UTC [1] LOG:  starting PostgreSQL 18.4 (Debian 18.4-1.pgdg12+1) on aarch64-unknown-linux-gnu, compiled by gcc (Debian 12.2.0-14+deb12u1) 12.2.0, 64-bit
postgres-1  | 2026-08-20 06:39:04.286 UTC [1] LOG:  listening on IPv4 address "0.0.0.0", port 5432
postgres-1  | 2026-08-20 06:39:04.286 UTC [1] LOG:  listening on IPv6 address "::", port 5432
postgres-1  | 2026-08-20 06:39:04.288 UTC [1] LOG:  listening on Unix socket "/var/run/postgresql/.s.PGSQL.5432"
postgres-1  | 2026-08-20 06:39:04.293 UTC [78] LOG:  database system was shut down at 2026-08-20 06:39:04 UTC
postgres-1  | 2026-08-20 06:39:04.297 UTC [1] LOG:  database system is ready to accept connections
postgres-1  | 2026-08-20 06:44:04.986 UTC [76] LOG:  checkpoint starting: time
postgres-1  | 2026-08-20 06:48:34.120 UTC [76] LOG:  checkpoint complete: wrote 11811 buffers (72.1%), wrote 3 SLRU buffers; 0 WAL file(s) added, 0 removed, 12 recycled; write=269.063 s, sync=0.034 s, total=269.134 s; sync files=410, longest=0.004 s, average=0.001 s; distance=188741 kB, estimate=188741 kB; lsn=0/D626BA8, redo lsn=0/D3E6740
postgres-1  | 2026-08-20 06:49:04.134 UTC [76] LOG:  checkpoint starting: time
postgres-1  | 2026-08-20 06:49:29.318 UTC [76] LOG:  checkpoint complete: wrote 251 buffers (1.5%), wrote 1 SLRU buffers; 0 WAL file(s) added, 0 removed, 0 recycled; write=25.148 s, sync=0.022 s, total=25.184 s; sync files=50, longest=0.009 s, average=0.001 s; distance=2521 kB, estimate=170119 kB; lsn=0/D6B1258, redo lsn=0/D65CE10
postgres-1  | 2026-08-20 06:54:04.416 UTC [76] LOG:  checkpoint starting: time
postgres-1  | 2026-08-20 06:54:38.214 UTC [76] LOG:  checkpoint complete: wrote 337 buffers (2.1%), wrote 1 SLRU buffers; 0 WAL file(s) added, 0 removed, 0 recycled; write=33.763 s, sync=0.022 s, total=33.798 s; sync files=53, longest=0.009 s, average=0.001 s; distance=3551 kB, estimate=153463 kB; lsn=0/DB1B388, redo lsn=0/D9D4D00
postgres-1  | 2026-08-20 06:59:04.310 UTC [76] LOG:  checkpoint starting: time
postgres-1  | 2026-08-20 06:59:35.608 UTC [76] LOG:  checkpoint complete: wrote 312 buffers (1.9%), wrote 1 SLRU buffers; 0 WAL file(s) added, 0 removed, 0 recycled; write=31.258 s, sync=0.016 s, total=31.298 s; sync files=60, longest=0.009 s, average=0.001 s; distance=2852 kB, estimate=138401 kB; lsn=0/DDFE348, redo lsn=0/DC9E068
postgres-1  | 2026-08-20 07:04:04.668 UTC [76] LOG:  checkpoint starting: time
postgres-1  | 2026-08-20 07:04:39.362 UTC [76] LOG:  checkpoint complete: wrote 346 buffers (2.1%), wrote 1 SLRU buffers; 0 WAL file(s) added, 0 removed, 0 recycled; write=34.669 s, sync=0.012 s, total=34.694 s; sync files=52, longest=0.009 s, average=0.001 s; distance=3294 kB, estimate=124891 kB; lsn=0/E1321A8, redo lsn=0/DFD5AC0
postgres-1  | 2026-08-20 07:09:04.412 UTC [76] LOG:  checkpoint starting: time
postgres-1  | 2026-08-20 07:09:36.814 UTC [76] LOG:  checkpoint complete: wrote 323 buffers (2.0%), wrote 1 SLRU buffers; 0 WAL file(s) added, 0 removed, 1 recycled; write=32.366 s, sync=0.012 s, total=32.402 s; sync files=54, longest=0.009 s, average=0.001 s; distance=2608 kB, estimate=112662 kB; lsn=0/E29D2B8, redo lsn=0/E261D88
postgres-1  | 2026-08-20 07:14:04.827 UTC [76] LOG:  checkpoint starting: time
postgres-1  | 2026-08-20 07:14:48.436 UTC [76] LOG:  checkpoint complete: wrote 436 buffers (2.7%), wrote 1 SLRU buffers; 0 WAL file(s) added, 0 removed, 0 recycled; write=43.582 s, sync=0.015 s, total=43.610 s; sync files=52, longest=0.009 s, average=0.001 s; distance=3800 kB, estimate=101776 kB; lsn=0/E79F918, redo lsn=0/E617F60
postgres-1  | 2026-08-20 07:19:04.499 UTC [76] LOG:  checkpoint starting: time
postgres-1  | 2026-08-20 07:19:44.323 UTC [76] LOG:  checkpoint complete: wrote 397 buffers (2.4%), wrote 1 SLRU buffers; 0 WAL file(s) added, 0 removed, 0 recycled; write=39.772 s, sync=0.022 s, total=39.824 s; sync files=60, longest=0.009 s, average=0.001 s; distance=3711 kB, estimate=91970 kB; lsn=0/EB43300, redo lsn=0/E9B7F30
postgres-1  | 2026-08-20 07:24:04.421 UTC [76] LOG:  checkpoint starting: time
postgres-1  | 2026-08-20 07:24:44.843 UTC [76] LOG:  checkpoint complete: wrote 403 buffers (2.5%), wrote 1 SLRU buffers; 0 WAL file(s) added, 0 removed, 0 recycled; write=40.387 s, sync=0.021 s, total=40.423 s; sync files=52, longest=0.009 s, average=0.001 s; distance=3726 kB, estimate=83145 kB; lsn=0/EEE53C8, redo lsn=0/ED5B8B8
postgres-1  | 2026-08-20 07:29:04.914 UTC [76] LOG:  checkpoint starting: time
postgres-1  | 2026-08-20 07:29:46.230 UTC [76] LOG:  checkpoint complete: wrote 413 buffers (2.5%), wrote 1 SLRU buffers; 0 WAL file(s) added, 1 removed, 0 recycled; write=41.283 s, sync=0.019 s, total=41.316 s; sync files=56, longest=0.009 s, average=0.001 s; distance=3776 kB, estimate=75208 kB; lsn=0/F27C0C0, redo lsn=0/F10BB18
postgres-1  | 2026-08-20 07:34:04.279 UTC [76] LOG:  checkpoint starting: time
postgres-1  | 2026-08-20 07:34:53.300 UTC [76] LOG:  checkpoint complete: wrote 489 buffers (3.0%), wrote 1 SLRU buffers; 0 WAL file(s) added, 0 removed, 0 recycled; write=48.984 s, sync=0.016 s, total=49.022 s; sync files=53, longest=0.009 s, average=0.001 s; distance=4360 kB, estimate=68124 kB; lsn=0/F6C8A88, redo lsn=0/F54DD98
postgres-1  | 2026-08-20 07:39:04.316 UTC [76] LOG:  checkpoint starting: time
postgres-1  | 2026-08-20 07:39:49.115 UTC [76] LOG:  checkpoint complete: wrote 447 buffers (2.7%), wrote 1 SLRU buffers; 0 WAL file(s) added, 0 removed, 0 recycled; write=44.774 s, sync=0.012 s, total=44.799 s; sync files=50, longest=0.009 s, average=0.001 s; distance=4061 kB, estimate=61717 kB; lsn=0/FAE5778, redo lsn=0/F945518
postgres-1  | 2026-08-20 07:44:04.196 UTC [76] LOG:  checkpoint starting: time
postgres-1  | 2026-08-20 07:44:47.701 UTC [76] LOG:  checkpoint complete: wrote 434 buffers (2.6%), wrote 1 SLRU buffers; 0 WAL file(s) added, 0 removed, 0 recycled; write=43.479 s, sync=0.014 s, total=43.505 s; sync files=49, longest=0.009 s, average=0.001 s; distance=3979 kB, estimate=55944 kB; lsn=0/FEDED60, redo lsn=0/FD28378
postgres-1  | 2026-08-20 07:49:04.787 UTC [76] LOG:  checkpoint starting: time
postgres-1  | 2026-08-20 07:49:49.995 UTC [76] LOG:  checkpoint complete: wrote 452 buffers (2.8%), wrote 1 SLRU buffers; 0 WAL file(s) added, 1 removed, 0 recycled; write=45.172 s, sync=0.013 s, total=45.208 s; sync files=58, longest=0.009 s, average=0.001 s; distance=3852 kB, estimate=50734 kB; lsn=0/102B6078, redo lsn=0/100EB558
postgres-1  | 2026-08-20 07:54:05.074 UTC [76] LOG:  checkpoint starting: time
postgres-1  | 2026-08-20 07:55:01.512 UTC [76] LOG:  checkpoint complete: wrote 563 buffers (3.4%), wrote 1 SLRU buffers; 0 WAL file(s) added, 0 removed, 0 recycled; write=56.413 s, sync=0.014 s, total=56.438 s; sync files=62, longest=0.009 s, average=0.001 s; distance=4829 kB, estimate=46144 kB; lsn=0/107D2CC0, redo lsn=0/105A2AC0
postgres-1  | 2026-08-20 07:59:05.612 UTC [76] LOG:  checkpoint starting: time
postgres-1  | 2026-08-20 07:59:53.126 UTC [76] LOG:  checkpoint complete: wrote 475 buffers (2.9%), wrote 1 SLRU buffers; 0 WAL file(s) added, 0 removed, 0 recycled; write=47.479 s, sync=0.023 s, total=47.514 s; sync files=58, longest=0.009 s, average=0.001 s; distance=4174 kB, estimate=41947 kB; lsn=0/10B8CDC0, redo lsn=0/109B6430
postgres-1  | 2026-08-20 08:04:05.223 UTC [76] LOG:  checkpoint starting: time
postgres-1  | 2026-08-20 08:04:51.151 UTC [76] LOG:  checkpoint complete: wrote 458 buffers (2.8%), wrote 1 SLRU buffers; 0 WAL file(s) added, 0 removed, 0 recycled; write=45.889 s, sync=0.026 s, total=45.928 s; sync files=55, longest=0.009 s, average=0.001 s; distance=3957 kB, estimate=38148 kB; lsn=0/10F6F1C0, redo lsn=0/10D93A30
postgres-1  | 2026-08-20 08:09:05.185 UTC [76] LOG:  checkpoint starting: time
postgres-1  | 2026-08-20 08:09:58.852 UTC [76] LOG:  checkpoint complete: wrote 535 buffers (3.3%), wrote 1 SLRU buffers; 0 WAL file(s) added, 1 removed, 0 recycled; write=53.608 s, sync=0.025 s, total=53.668 s; sync files=57, longest=0.009 s, average=0.001 s; distance=4586 kB, estimate=34792 kB; lsn=0/1144BC78, redo lsn=0/1120E250
postgres-1  | 2026-08-20 08:14:05.870 UTC [76] LOG:  checkpoint starting: time
postgres-1  | 2026-08-20 08:14:55.120 UTC [76] LOG:  checkpoint complete: wrote 492 buffers (3.0%), wrote 1 SLRU buffers; 0 WAL file(s) added, 0 removed, 0 recycled; write=49.203 s, sync=0.012 s, total=49.250 s; sync files=57, longest=0.009 s, average=0.001 s; distance=4153 kB, estimate=31728 kB; lsn=0/117D6738, redo lsn=0/1161CA00
postgres-1  | 2026-08-20 08:19:05.205 UTC [76] LOG:  checkpoint starting: time
postgres-1  | 2026-08-20 08:19:57.530 UTC [76] LOG:  checkpoint complete: wrote 522 buffers (3.2%), wrote 1 SLRU buffers; 0 WAL file(s) added, 0 removed, 0 recycled; write=52.299 s, sync=0.012 s, total=52.325 s; sync files=52, longest=0.009 s, average=0.001 s; distance=4532 kB, estimate=29008 kB; lsn=0/11C4B4B0, redo lsn=0/11A89C60
postgres-1  | 2026-08-20 08:24:05.625 UTC [76] LOG:  checkpoint starting: time
postgres-1  | 2026-08-20 08:25:04.261 UTC [76] LOG:  checkpoint complete: wrote 586 buffers (3.6%), wrote 1 SLRU buffers; 0 WAL file(s) added, 0 removed, 0 recycled; write=58.605 s, sync=0.017 s, total=58.636 s; sync files=51, longest=0.009 s, average=0.001 s; distance=5065 kB, estimate=26614 kB; lsn=0/1220BE80, redo lsn=0/11F7C120
postgres-1  | 2026-08-20 08:29:05.316 UTC [76] LOG:  checkpoint starting: time
postgres-1  | 2026-08-20 08:29:54.645 UTC [76] LOG:  checkpoint complete: wrote 492 buffers (3.0%), wrote 1 SLRU buffers; 0 WAL file(s) added, 1 removed, 0 recycled; write=49.284 s, sync=0.022 s, total=49.330 s; sync files=52, longest=0.011 s, average=0.001 s; distance=4324 kB, estimate=24385 kB; lsn=0/12579FA0, redo lsn=0/123B5150
postgres-1  | 2026-08-20 08:34:05.714 UTC [76] LOG:  checkpoint starting: time
postgres-1  | 2026-08-20 08:34:55.847 UTC [76] LOG:  checkpoint complete: wrote 501 buffers (3.1%), wrote 1 SLRU buffers; 0 WAL file(s) added, 0 removed, 0 recycled; write=50.090 s, sync=0.022 s, total=50.133 s; sync files=57, longest=0.009 s, average=0.001 s; distance=4252 kB, estimate=22372 kB; lsn=0/1297AF38, redo lsn=0/127DC210
postgres-1  | 2026-08-20 08:39:05.909 UTC [76] LOG:  checkpoint starting: time
postgres-1  | 2026-08-20 08:39:50.724 UTC [76] LOG:  checkpoint complete: wrote 448 buffers (2.7%), wrote 1 SLRU buffers; 0 WAL file(s) added, 0 removed, 0 recycled; write=44.777 s, sync=0.023 s, total=44.816 s; sync files=55, longest=0.017 s, average=0.001 s; distance=3920 kB, estimate=20526 kB; lsn=0/12DA2BC8, redo lsn=0/12BB0420
postgres-1  | 2026-08-20 08:44:05.777 UTC [76] LOG:  checkpoint starting: time
postgres-1  | 2026-08-20 08:44:57.301 UTC [76] LOG:  checkpoint complete: wrote 515 buffers (3.1%), wrote 1 SLRU buffers; 0 WAL file(s) added, 1 removed, 0 recycled; write=51.494 s, sync=0.014 s, total=51.524 s; sync files=50, longest=0.009 s, average=0.001 s; distance=4468 kB, estimate=18921 kB; lsn=0/131C01A8, redo lsn=0/1300D748
postgres-1  | 2026-08-20 08:49:05.380 UTC [76] LOG:  checkpoint starting: time
postgres-1  | 2026-08-20 08:49:51.297 UTC [76] LOG:  checkpoint complete: wrote 458 buffers (2.8%), wrote 1 SLRU buffers; 0 WAL file(s) added, 0 removed, 0 recycled; write=45.888 s, sync=0.017 s, total=45.917 s; sync files=52, longest=0.009 s, average=0.001 s; distance=3966 kB, estimate=17425 kB; lsn=0/13572E70, redo lsn=0/133ED150
postgres-1  | 2026-08-20 08:54:05.360 UTC [76] LOG:  checkpoint starting: time
postgres-1  | 2026-08-20 08:54:59.581 UTC [76] LOG:  checkpoint complete: wrote 541 buffers (3.3%), wrote 1 SLRU buffers; 0 WAL file(s) added, 0 removed, 0 recycled; write=54.196 s, sync=0.012 s, total=54.221 s; sync files=53, longest=0.009 s, average=0.001 s; distance=4504 kB, estimate=16133 kB; lsn=0/139FA8E8, redo lsn=0/13853208
postgres-1  | 2026-08-20 08:59:05.678 UTC [76] LOG:  checkpoint starting: time
postgres-1  | 2026-08-20 08:59:48.791 UTC [76] LOG:  checkpoint complete: wrote 431 buffers (2.6%), wrote 1 SLRU buffers; 0 WAL file(s) added, 0 removed, 0 recycled; write=43.077 s, sync=0.012 s, total=43.113 s; sync files=51, longest=0.009 s, average=0.001 s; distance=3681 kB, estimate=14888 kB; lsn=0/13D83110, redo lsn=0/13BEB718
postgres-1  | 2026-08-20 09:04:05.876 UTC [76] LOG:  checkpoint starting: time
postgres-1  | 2026-08-20 09:05:27.782 UTC [76] LOG:  checkpoint complete: wrote 819 buffers (5.0%), wrote 2 SLRU buffers; 0 WAL file(s) added, 1 removed, 0 recycled; write=81.847 s, sync=0.029 s, total=81.906 s; sync files=51, longest=0.017 s, average=0.001 s; distance=6606 kB, estimate=14060 kB; lsn=0/14498708, redo lsn=0/1425F238
postgres-1  | 2026-08-20 09:09:05.824 UTC [76] LOG:  checkpoint starting: time
postgres-1  | 2026-08-20 09:09:51.424 UTC [76] LOG:  checkpoint complete: wrote 456 buffers (2.8%), wrote 1 SLRU buffers; 0 WAL file(s) added, 0 removed, 0 recycled; write=45.576 s, sync=0.012 s, total=45.600 s; sync files=52, longest=0.009 s, average=0.001 s; distance=3874 kB, estimate=13041 kB; lsn=0/147D8680, redo lsn=0/14627BB8
postgres-1  | 2026-08-20 09:14:05.511 UTC [76] LOG:  checkpoint starting: time
postgres-1  | 2026-08-20 09:14:56.517 UTC [76] LOG:  checkpoint complete: wrote 509 buffers (3.1%), wrote 1 SLRU buffers; 0 WAL file(s) added, 0 removed, 0 recycled; write=50.983 s, sync=0.012 s, total=51.006 s; sync files=51, longest=0.009 s, average=0.001 s; distance=4275 kB, estimate=12164 kB; lsn=0/14BE4940, redo lsn=0/14A54AD8
postgres-1  | 2026-08-20 09:19:05.564 UTC [76] LOG:  checkpoint starting: time
postgres-1  | 2026-08-20 09:19:46.782 UTC [76] LOG:  checkpoint complete: wrote 411 buffers (2.5%), wrote 1 SLRU buffers; 0 WAL file(s) added, 0 removed, 0 recycled; write=41.185 s, sync=0.014 s, total=41.219 s; sync files=50, longest=0.009 s, average=0.001 s; distance=3602 kB, estimate=11308 kB; lsn=0/14F9ECC0, redo lsn=0/14DD9370
postgres-1  | 2026-08-20 09:24:05.804 UTC [76] LOG:  checkpoint starting: time
postgres-1  | 2026-08-20 09:25:01.234 UTC [76] LOG:  checkpoint complete: wrote 554 buffers (3.4%), wrote 1 SLRU buffers; 0 WAL file(s) added, 1 removed, 0 recycled; write=55.398 s, sync=0.014 s, total=55.430 s; sync files=51, longest=0.008 s, average=0.001 s; distance=4556 kB, estimate=10633 kB; lsn=0/154A0678, redo lsn=0/1524C450
postgres-1  | 2026-08-20 09:29:05.297 UTC [76] LOG:  checkpoint starting: time
postgres-1  | 2026-08-20 09:29:57.133 UTC [76] LOG:  checkpoint complete: wrote 517 buffers (3.2%), wrote 1 SLRU buffers; 0 WAL file(s) added, 0 removed, 0 recycled; write=51.789 s, sync=0.027 s, total=51.837 s; sync files=52, longest=0.016 s, average=0.001 s; distance=4327 kB, estimate=10002 kB; lsn=0/158E6170, redo lsn=0/15686408
postgres-1  | 2026-08-20 09:34:05.210 UTC [76] LOG:  checkpoint starting: time
postgres-1  | 2026-08-20 09:35:02.948 UTC [76] LOG:  checkpoint complete: wrote 576 buffers (3.5%), wrote 1 SLRU buffers; 0 WAL file(s) added, 0 removed, 0 recycled; write=57.719 s, sync=0.005 s, total=57.738 s; sync files=51, longest=0.002 s, average=0.001 s; distance=4809 kB, estimate=9483 kB; lsn=0/15D93650, redo lsn=0/15B38900
postgres-1  | 2026-08-20 09:39:06.020 UTC [76] LOG:  checkpoint starting: time
postgres-1  | 2026-08-20 09:39:56.226 UTC [76] LOG:  checkpoint complete: wrote 501 buffers (3.1%), wrote 1 SLRU buffers; 0 WAL file(s) added, 0 removed, 0 recycled; write=50.182 s, sync=0.012 s, total=50.206 s; sync files=53, longest=0.009 s, average=0.001 s; distance=4102 kB, estimate=8945 kB; lsn=0/1614A848, redo lsn=0/15F3A180
postgres-1  | 2026-08-20 09:44:06.324 UTC [76] LOG:  checkpoint starting: time
postgres-1  | 2026-08-20 09:44:56.253 UTC [76] LOG:  checkpoint complete: wrote 498 buffers (3.0%), wrote 1 SLRU buffers; 0 WAL file(s) added, 1 removed, 0 recycled; write=49.882 s, sync=0.031 s, total=49.930 s; sync files=62, longest=0.018 s, average=0.001 s; distance=3990 kB, estimate=8449 kB; lsn=0/16523680, redo lsn=0/1631F9E8
postgres-1  | 2026-08-20 09:49:06.347 UTC [76] LOG:  checkpoint starting: time
postgres-1  | 2026-08-20 09:50:05.607 UTC [76] LOG:  checkpoint complete: wrote 591 buffers (3.6%), wrote 1 SLRU buffers; 0 WAL file(s) added, 0 removed, 0 recycled; write=59.200 s, sync=0.030 s, total=59.260 s; sync files=52, longest=0.018 s, average=0.001 s; distance=4903 kB, estimate=8095 kB; lsn=0/169C09B8, redo lsn=0/167E9878
postgres-1  | 2026-08-20 09:54:06.650 UTC [76] LOG:  checkpoint starting: time
postgres-1  | 2026-08-20 09:55:14.297 UTC [76] LOG:  checkpoint complete: wrote 676 buffers (4.1%), wrote 1 SLRU buffers; 0 WAL file(s) added, 0 removed, 0 recycled; write=67.619 s, sync=0.013 s, total=67.648 s; sync files=52, longest=0.009 s, average=0.001 s; distance=5498 kB, estimate=7835 kB; lsn=0/16DCB438, redo lsn=0/16D48430
postgres-1  | 2026-08-20 09:59:06.389 UTC [76] LOG:  checkpoint starting: time
postgres-1  | 2026-08-20 09:59:53.413 UTC [76] LOG:  checkpoint complete: wrote 469 buffers (2.9%), wrote 1 SLRU buffers; 0 WAL file(s) added, 0 removed, 1 recycled; write=46.982 s, sync=0.026 s, total=47.025 s; sync files=51, longest=0.011 s, average=0.001 s; distance=3779 kB, estimate=7429 kB; lsn=0/172B6948, redo lsn=0/170F9060
postgres-1  | 2026-08-20 10:04:06.415 UTC [76] LOG:  checkpoint starting: time
postgres-1  | 2026-08-20 10:04:52.621 UTC [76] LOG:  checkpoint complete: wrote 461 buffers (2.8%), wrote 1 SLRU buffers; 0 WAL file(s) added, 0 removed, 0 recycled; write=46.181 s, sync=0.012 s, total=46.207 s; sync files=51, longest=0.009 s, average=0.001 s; distance=3682 kB, estimate=7055 kB; lsn=0/174EBE98, redo lsn=0/17491B20
postgres-1  | 2026-08-20 10:09:06.706 UTC [76] LOG:  checkpoint starting: time
postgres-1  | 2026-08-20 10:09:48.527 UTC [76] LOG:  checkpoint complete: wrote 418 buffers (2.6%), wrote 1 SLRU buffers; 0 WAL file(s) added, 0 removed, 0 recycled; write=41.777 s, sync=0.013 s, total=41.821 s; sync files=51, longest=0.009 s, average=0.001 s; distance=3015 kB, estimate=6651 kB; lsn=0/17934F98, redo lsn=0/17783990
postgres-1  | 2026-08-20 10:14:06.618 UTC [76] LOG:  checkpoint starting: time
postgres-1  | 2026-08-20 10:14:52.545 UTC [76] LOG:  checkpoint complete: wrote 459 buffers (2.8%), wrote 1 SLRU buffers; 0 WAL file(s) added, 0 removed, 0 recycled; write=45.880 s, sync=0.034 s, total=45.927 s; sync files=50, longest=0.009 s, average=0.001 s; distance=3646 kB, estimate=6350 kB; lsn=0/17D39FB8, redo lsn=0/17B13548
postgres-1  | 2026-08-20 10:19:06.617 UTC [76] LOG:  checkpoint starting: time
postgres-1  | 2026-08-20 10:20:01.133 UTC [76] LOG:  checkpoint complete: wrote 545 buffers (3.3%), wrote 1 SLRU buffers; 0 WAL file(s) added, 0 removed, 0 recycled; write=54.485 s, sync=0.012 s, total=54.516 s; sync files=52, longest=0.008 s, average=0.001 s; distance=4419 kB, estimate=6157 kB; lsn=0/18198460, redo lsn=0/17F644D8
postgres-1  | 2026-08-20 10:24:06.224 UTC [76] LOG:  checkpoint starting: time
postgres-1  | 2026-08-20 10:24:50.828 UTC [76] LOG:  checkpoint complete: wrote 445 buffers (2.7%), wrote 1 SLRU buffers; 0 WAL file(s) added, 0 removed, 1 recycled; write=44.573 s, sync=0.019 s, total=44.604 s; sync files=51, longest=0.009 s, average=0.001 s; distance=3555 kB, estimate=5897 kB; lsn=0/18507D88, redo lsn=0/182DD0E8
postgres-1  | 2026-08-20 10:29:06.833 UTC [76] LOG:  checkpoint starting: time
postgres-1  | 2026-08-20 10:29:52.744 UTC [76] LOG:  checkpoint complete: wrote 459 buffers (2.8%), wrote 1 SLRU buffers; 0 WAL file(s) added, 0 removed, 0 recycled; write=45.876 s, sync=0.006 s, total=45.912 s; sync files=51, longest=0.002 s, average=0.001 s; distance=3869 kB, estimate=5694 kB; lsn=0/188479E0, redo lsn=0/186A4630
postgres-1  | 2026-08-20 10:34:06.754 UTC [76] LOG:  checkpoint starting: time
postgres-1  | 2026-08-20 10:34:52.254 UTC [76] LOG:  checkpoint complete: wrote 455 buffers (2.8%), wrote 1 SLRU buffers; 0 WAL file(s) added, 0 removed, 0 recycled; write=45.475 s, sync=0.014 s, total=45.501 s; sync files=52, longest=0.009 s, average=0.001 s; distance=3677 kB, estimate=5492 kB; lsn=0/18BEF058, redo lsn=0/18A3BD20
postgres-1  | 2026-08-20 10:39:06.354 UTC [76] LOG:  checkpoint starting: time
postgres-1  | 2026-08-20 10:39:53.263 UTC [76] LOG:  checkpoint complete: wrote 468 buffers (2.9%), wrote 1 SLRU buffers; 0 WAL file(s) added, 0 removed, 0 recycled; write=46.883 s, sync=0.014 s, total=46.909 s; sync files=54, longest=0.009 s, average=0.001 s; distance=3914 kB, estimate=5335 kB; lsn=0/18FF0468, redo lsn=0/18E0E768
postgres-1  | 2026-08-20 10:44:06.342 UTC [76] LOG:  checkpoint starting: time
postgres-1  | 2026-08-20 10:45:02.577 UTC [76] LOG:  checkpoint complete: wrote 561 buffers (3.4%), wrote 1 SLRU buffers; 0 WAL file(s) added, 0 removed, 1 recycled; write=56.201 s, sync=0.013 s, total=56.236 s; sync files=50, longest=0.009 s, average=0.001 s; distance=4666 kB, estimate=5268 kB; lsn=0/194807F0, redo lsn=0/1929D010
postgres-1  | 2026-08-20 10:49:06.652 UTC [76] LOG:  checkpoint starting: time
postgres-1  | 2026-08-20 10:49:58.686 UTC [76] LOG:  checkpoint complete: wrote 520 buffers (3.2%), wrote 1 SLRU buffers; 0 WAL file(s) added, 0 removed, 0 recycled; write=51.997 s, sync=0.024 s, total=52.034 s; sync files=51, longest=0.010 s, average=0.001 s; distance=4381 kB, estimate=5179 kB; lsn=0/198B7E18, redo lsn=0/196E44A0
postgres-1  | 2026-08-20 10:54:06.780 UTC [76] LOG:  checkpoint starting: time
postgres-1  | 2026-08-20 10:54:52.896 UTC [76] LOG:  checkpoint complete: wrote 461 buffers (2.8%), wrote 1 SLRU buffers; 0 WAL file(s) added, 0 removed, 0 recycled; write=46.072 s, sync=0.022 s, total=46.117 s; sync files=47, longest=0.009 s, average=0.001 s; distance=3836 kB, estimate=5045 kB; lsn=0/19C9C718, redo lsn=0/19AA36C8
postgres-1  | 2026-08-20 10:59:06.987 UTC [76] LOG:  checkpoint starting: time
postgres-1  | 2026-08-20 10:59:53.540 UTC [76] LOG:  checkpoint complete: wrote 465 buffers (2.8%), wrote 1 SLRU buffers; 0 WAL file(s) added, 0 removed, 0 recycled; write=46.482 s, sync=0.038 s, total=46.553 s; sync files=49, longest=0.013 s, average=0.001 s; distance=3865 kB, estimate=4927 kB; lsn=0/1A06D958, redo lsn=0/19E69B38
postgres-1  | 2026-08-20 11:04:06.610 UTC [76] LOG:  checkpoint starting: time
postgres-1  | 2026-08-20 11:05:34.090 UTC [76] LOG:  checkpoint complete: wrote 875 buffers (5.3%), wrote 1 SLRU buffers; 0 WAL file(s) added, 0 removed, 1 recycled; write=87.451 s, sync=0.015 s, total=87.480 s; sync files=53, longest=0.009 s, average=0.001 s; distance=6945 kB, estimate=6945 kB; lsn=0/1A7C79A0, redo lsn=0/1A532118
postgres-1  | 2026-08-20 11:09:06.139 UTC [76] LOG:  checkpoint starting: time
postgres-1  | 2026-08-20 11:09:59.066 UTC [76] LOG:  checkpoint complete: wrote 528 buffers (3.2%), wrote 1 SLRU buffers; 0 WAL file(s) added, 0 removed, 0 recycled; write=52.889 s, sync=0.026 s, total=52.927 s; sync files=51, longest=0.015 s, average=0.001 s; distance=4395 kB, estimate=6690 kB; lsn=0/1ABF1D68, redo lsn=0/1A97CE78
postgres-1  | 2026-08-20 11:14:06.162 UTC [76] LOG:  checkpoint starting: time
postgres-1  | 2026-08-20 11:15:11.127 UTC [76] LOG:  checkpoint complete: wrote 648 buffers (4.0%), wrote 1 SLRU buffers; 0 WAL file(s) added, 0 removed, 0 recycled; write=64.919 s, sync=0.017 s, total=64.965 s; sync files=53, longest=0.009 s, average=0.001 s; distance=5245 kB, estimate=6545 kB; lsn=0/1B129450, redo lsn=0/1AE9C4D0
postgres-1  | 2026-08-20 11:19:06.220 UTC [76] LOG:  checkpoint starting: time
postgres-1  | 2026-08-20 11:19:58.831 UTC [76] LOG:  checkpoint complete: wrote 525 buffers (3.2%), wrote 1 SLRU buffers; 0 WAL file(s) added, 0 removed, 1 recycled; write=52.584 s, sync=0.015 s, total=52.612 s; sync files=59, longest=0.009 s, average=0.001 s; distance=4385 kB, estimate=6329 kB; lsn=0/1B4E90D0, redo lsn=0/1B2E4AA0
postgres-1  | 2026-08-20 11:24:06.919 UTC [76] LOG:  checkpoint starting: time
postgres-1  | 2026-08-20 11:24:54.336 UTC [76] LOG:  checkpoint complete: wrote 474 buffers (2.9%), wrote 1 SLRU buffers; 0 WAL file(s) added, 0 removed, 0 recycled; write=47.382 s, sync=0.017 s, total=47.417 s; sync files=51, longest=0.009 s, average=0.001 s; distance=4086 kB, estimate=6105 kB; lsn=0/1B91E990, redo lsn=0/1B6E2490
postgres-1  | 2026-08-20 11:29:06.434 UTC [76] LOG:  checkpoint starting: time
postgres-1  | 2026-08-20 11:29:58.873 UTC [76] LOG:  checkpoint complete: wrote 523 buffers (3.2%), wrote 1 SLRU buffers; 0 WAL file(s) added, 0 removed, 0 recycled; write=52.390 s, sync=0.015 s, total=52.439 s; sync files=53, longest=0.009 s, average=0.001 s; distance=4464 kB, estimate=5941 kB; lsn=0/1BD88970, redo lsn=0/1BB3E5A0
postgres-1  | 2026-08-20 11:34:06.955 UTC [76] LOG:  checkpoint starting: time
postgres-1  | 2026-08-20 11:34:55.464 UTC [76] LOG:  checkpoint complete: wrote 485 buffers (3.0%), wrote 1 SLRU buffers; 0 WAL file(s) added, 0 removed, 0 recycled; write=48.482 s, sync=0.016 s, total=48.510 s; sync files=48, longest=0.009 s, average=0.001 s; distance=4142 kB, estimate=5761 kB; lsn=0/1C11FBA0, redo lsn=0/1BF49E20
postgres-1  | 2026-08-20 11:39:06.556 UTC [76] LOG:  checkpoint starting: time
postgres-1  | 2026-08-20 11:39:58.293 UTC [76] LOG:  checkpoint complete: wrote 517 buffers (3.2%), wrote 1 SLRU buffers; 0 WAL file(s) added, 0 removed, 1 recycled; write=51.693 s, sync=0.024 s, total=51.738 s; sync files=50, longest=0.010 s, average=0.001 s; distance=4367 kB, estimate=5622 kB; lsn=0/1C5D36C8, redo lsn=0/1C38DB60
postgres-1  | 2026-08-20 11:44:06.392 UTC [76] LOG:  checkpoint starting: time
postgres-1  | 2026-08-20 11:45:08.235 UTC [76] LOG:  checkpoint complete: wrote 617 buffers (3.8%), wrote 1 SLRU buffers; 0 WAL file(s) added, 0 removed, 0 recycled; write=61.808 s, sync=0.023 s, total=61.844 s; sync files=52, longest=0.009 s, average=0.001 s; distance=5178 kB, estimate=5577 kB; lsn=0/1CB0D838, redo lsn=0/1C89C400
postgres-1  | 2026-08-20 11:49:06.322 UTC [76] LOG:  checkpoint starting: time
postgres-1  | 2026-08-20 11:49:58.140 UTC [76] LOG:  checkpoint complete: wrote 517 buffers (3.2%), wrote 1 SLRU buffers; 0 WAL file(s) added, 0 removed, 0 recycled; write=51.789 s, sync=0.019 s, total=51.818 s; sync files=51, longest=0.009 s, average=0.001 s; distance=4398 kB, estimate=5459 kB; lsn=0/1CF002F8, redo lsn=0/1CCE7E10
postgres-1  | 2026-08-20 11:54:06.211 UTC [76] LOG:  checkpoint starting: time
postgres-1  | 2026-08-20 11:54:54.146 UTC [76] LOG:  checkpoint complete: wrote 478 buffers (2.9%), wrote 1 SLRU buffers; 0 WAL file(s) added, 0 removed, 1 recycled; write=47.893 s, sync=0.021 s, total=47.935 s; sync files=52, longest=0.009 s, average=0.001 s; distance=3988 kB, estimate=5312 kB; lsn=0/1D36A828, redo lsn=0/1D0CD038
postgres-1  | 2026-08-20 11:59:06.242 UTC [76] LOG:  checkpoint starting: time
postgres-1  | 2026-08-20 11:59:55.761 UTC [76] LOG:  checkpoint complete: wrote 494 buffers (3.0%), wrote 1 SLRU buffers; 0 WAL file(s) added, 0 removed, 0 recycled; write=49.492 s, sync=0.014 s, total=49.519 s; sync files=50, longest=0.009 s, average=0.001 s; distance=4127 kB, estimate=5194 kB; lsn=0/1D71F518, redo lsn=0/1D4D4EC0
postgres-1  | 2026-08-20 12:04:06.776 UTC [76] LOG:  checkpoint starting: time
postgres-1  | 2026-08-20 12:05:00.284 UTC [76] LOG:  checkpoint complete: wrote 535 buffers (3.3%), wrote 1 SLRU buffers; 0 WAL file(s) added, 0 removed, 0 recycled; write=53.484 s, sync=0.013 s, total=53.509 s; sync files=51, longest=0.003 s, average=0.001 s; distance=4467 kB, estimate=5121 kB; lsn=0/1DB3FC48, redo lsn=0/1D931AD8
postgres-1  | 2026-08-20 12:09:06.359 UTC [76] LOG:  checkpoint starting: time
postgres-1  | 2026-08-20 12:09:54.367 UTC [76] LOG:  checkpoint complete: wrote 479 buffers (2.9%), wrote 1 SLRU buffers; 0 WAL file(s) added, 0 removed, 0 recycled; write=47.980 s, sync=0.017 s, total=48.009 s; sync files=51, longest=0.009 s, average=0.001 s; distance=3938 kB, estimate=5003 kB; lsn=0/1DF0DA58, redo lsn=0/1DD0A548
postgres-1  | 2026-08-20 12:14:06.466 UTC [76] LOG:  checkpoint starting: time
postgres-1  | 2026-08-20 12:15:19.847 UTC [76] LOG:  checkpoint complete: wrote 731 buffers (4.5%), wrote 1 SLRU buffers; 0 WAL file(s) added, 0 removed, 1 recycled; write=73.333 s, sync=0.018 s, total=73.381 s; sync files=51, longest=0.009 s, average=0.001 s; distance=6001 kB, estimate=6001 kB; lsn=0/1E548620, redo lsn=0/1E2E6A18
postgres-1  | 2026-08-20 12:19:06.947 UTC [76] LOG:  checkpoint starting: time
postgres-1  | 2026-08-20 12:20:00.274 UTC [76] LOG:  checkpoint complete: wrote 533 buffers (3.3%), wrote 1 SLRU buffers; 0 WAL file(s) added, 0 removed, 0 recycled; write=53.306 s, sync=0.009 s, total=53.328 s; sync files=53, longest=0.002 s, average=0.001 s; distance=4394 kB, estimate=5840 kB; lsn=0/1E92D228, redo lsn=0/1E731520
postgres-1  | 2026-08-20 12:24:06.372 UTC [76] LOG:  checkpoint starting: time
postgres-1  | 2026-08-20 12:24:53.294 UTC [76] LOG:  checkpoint complete: wrote 468 buffers (2.9%), wrote 1 SLRU buffers; 0 WAL file(s) added, 0 removed, 0 recycled; write=46.872 s, sync=0.012 s, total=46.922 s; sync files=52, longest=0.009 s, average=0.001 s; distance=3957 kB, estimate=5652 kB; lsn=0/1ECFF878, redo lsn=0/1EB0EA40
postgres-1  | 2026-08-20 12:29:06.392 UTC [76] LOG:  checkpoint starting: time
postgres-1  | 2026-08-20 12:29:52.318 UTC [76] LOG:  checkpoint complete: wrote 458 buffers (2.8%), wrote 1 SLRU buffers; 0 WAL file(s) added, 0 removed, 0 recycled; write=45.879 s, sync=0.018 s, total=45.927 s; sync files=49, longest=0.009 s, average=0.001 s; distance=3976 kB, estimate=5484 kB; lsn=0/1F107E10, redo lsn=0/1EEF0C18
postgres-1  | 2026-08-20 12:34:06.416 UTC [76] LOG:  checkpoint starting: time
postgres-1  | 2026-08-20 12:34:54.435 UTC [76] LOG:  checkpoint complete: wrote 479 buffers (2.9%), wrote 1 SLRU buffers; 0 WAL file(s) added, 0 removed, 1 recycled; write=47.984 s, sync=0.021 s, total=48.019 s; sync files=51, longest=0.009 s, average=0.001 s; distance=3962 kB, estimate=5332 kB; lsn=0/1F4F5568, redo lsn=0/1F2CF570
postgres-1  | 2026-08-20 12:39:06.516 UTC [76] LOG:  checkpoint starting: time
postgres-1  | 2026-08-20 12:39:52.742 UTC [76] LOG:  checkpoint complete: wrote 461 buffers (2.8%), wrote 1 SLRU buffers; 0 WAL file(s) added, 0 removed, 0 recycled; write=46.175 s, sync=0.036 s, total=46.226 s; sync files=50, longest=0.017 s, average=0.001 s; distance=3946 kB, estimate=5193 kB; lsn=0/1F702FB0, redo lsn=0/1F6A9D90
postgres-1  | 2026-08-20 12:44:06.838 UTC [76] LOG:  checkpoint starting: time
postgres-1  | 2026-08-20 12:44:55.046 UTC [76] LOG:  checkpoint complete: wrote 482 buffers (2.9%), wrote 1 SLRU buffers; 0 WAL file(s) added, 0 removed, 0 recycled; write=48.179 s, sync=0.014 s, total=48.209 s; sync files=49, longest=0.009 s, average=0.001 s; distance=3966 kB, estimate=5071 kB; lsn=0/1FC5CD60, redo lsn=0/1FA89980
postgres-1  | 2026-08-20 12:49:06.146 UTC [76] LOG:  checkpoint starting: time
postgres-1  | 2026-08-20 12:50:22.011 UTC [76] LOG:  checkpoint complete: wrote 757 buffers (4.6%), wrote 1 SLRU buffers; 0 WAL file(s) added, 0 removed, 1 recycled; write=75.827 s, sync=0.022 s, total=75.865 s; sync files=52, longest=0.009 s, average=0.001 s; distance=6018 kB, estimate=6018 kB; lsn=0/20305C40, redo lsn=0/2006A320
postgres-1  | 2026-08-20 12:54:06.065 UTC [76] LOG:  checkpoint starting: time
postgres-1  | 2026-08-20 12:55:07.786 UTC [76] LOG:  checkpoint complete: wrote 616 buffers (3.8%), wrote 1 SLRU buffers; 0 WAL file(s) added, 0 removed, 0 recycled; write=61.702 s, sync=0.014 s, total=61.721 s; sync files=51, longest=0.009 s, average=0.001 s; distance=4997 kB, estimate=5916 kB; lsn=0/207B3230, redo lsn=0/2054B890
postgres-1  | 2026-08-20 12:59:06.883 UTC [76] LOG:  checkpoint starting: time
postgres-1  | 2026-08-20 13:00:18.043 UTC [76] LOG:  checkpoint complete: wrote 711 buffers (4.3%), wrote 1 SLRU buffers; 0 WAL file(s) added, 0 removed, 0 recycled; write=71.119 s, sync=0.023 s, total=71.160 s; sync files=53, longest=0.009 s, average=0.001 s; distance=5435 kB, estimate=5868 kB; lsn=0/20DA3390, redo lsn=0/20A9A4E8
postgres-1  | 2026-08-20 13:04:06.142 UTC [76] LOG:  checkpoint starting: time
postgres-1  | 2026-08-20 13:05:02.272 UTC [76] LOG:  checkpoint complete: wrote 560 buffers (3.4%), wrote 1 SLRU buffers; 0 WAL file(s) added, 0 removed, 0 recycled; write=56.092 s, sync=0.015 s, total=56.130 s; sync files=53, longest=0.009 s, average=0.001 s; distance=4571 kB, estimate=5738 kB; lsn=0/2116EB88, redo lsn=0/20F11400
postgres-1  | 2026-08-20 13:09:06.349 UTC [76] LOG:  checkpoint starting: time
postgres-1  | 2026-08-20 13:10:05.973 UTC [76] LOG:  checkpoint complete: wrote 595 buffers (3.6%), wrote 2 SLRU buffers; 0 WAL file(s) added, 0 removed, 1 recycled; write=59.597 s, sync=0.012 s, total=59.625 s; sync files=50, longest=0.003 s, average=0.001 s; distance=5030 kB, estimate=5667 kB; lsn=0/21680130, redo lsn=0/213FAF20
postgres-1  | 2026-08-20 13:14:07.016 UTC [76] LOG:  checkpoint starting: time
postgres-1  | 2026-08-20 13:14:57.139 UTC [76] LOG:  checkpoint complete: wrote 500 buffers (3.1%), wrote 1 SLRU buffers; 0 WAL file(s) added, 0 removed, 0 recycled; write=50.081 s, sync=0.029 s, total=50.123 s; sync files=53, longest=0.011 s, average=0.001 s; distance=4353 kB, estimate=5536 kB; lsn=0/21A4AB00, redo lsn=0/2183B328
postgres-1  | 2026-08-20 13:19:07.213 UTC [76] LOG:  checkpoint starting: time
postgres-1  | 2026-08-20 13:19:59.027 UTC [76] LOG:  checkpoint complete: wrote 517 buffers (3.2%), wrote 1 SLRU buffers; 0 WAL file(s) added, 0 removed, 0 recycled; write=51.780 s, sync=0.012 s, total=51.815 s; sync files=51, longest=0.009 s, average=0.001 s; distance=4342 kB, estimate=5416 kB; lsn=0/21D26520, redo lsn=0/21C78B60
postgres-1  | 2026-08-20 13:24:07.053 UTC [76] LOG:  checkpoint starting: time
postgres-1  | 2026-08-20 13:25:00.791 UTC [76] LOG:  checkpoint complete: wrote 536 buffers (3.3%), wrote 1 SLRU buffers; 0 WAL file(s) added, 0 removed, 1 recycled; write=53.699 s, sync=0.034 s, total=53.739 s; sync files=48, longest=0.010 s, average=0.001 s; distance=4523 kB, estimate=5327 kB; lsn=0/222B96C0, redo lsn=0/220E3940
postgres-1  | 2026-08-20 13:29:07.867 UTC [76] LOG:  checkpoint starting: time
postgres-1  | 2026-08-20 13:30:30.305 UTC [76] LOG:  checkpoint complete: wrote 825 buffers (5.0%), wrote 1 SLRU buffers; 0 WAL file(s) added, 0 removed, 0 recycled; write=82.428 s, sync=0.004 s, total=82.438 s; sync files=49, longest=0.002 s, average=0.001 s; distance=6738 kB, estimate=6738 kB; lsn=0/22A19B68, redo lsn=0/22778438
postgres-1  | 2026-08-20 13:34:07.394 UTC [76] LOG:  checkpoint starting: time
postgres-1  | 2026-08-20 13:34:59.997 UTC [76] LOG:  checkpoint complete: wrote 525 buffers (3.2%), wrote 1 SLRU buffers; 0 WAL file(s) added, 0 removed, 0 recycled; write=52.590 s, sync=0.009 s, total=52.604 s; sync files=50, longest=0.002 s, average=0.001 s; distance=4434 kB, estimate=6508 kB; lsn=0/22DFC9F0, redo lsn=0/22BCCF10
postgres-1  | 2026-08-20 13:39:08.061 UTC [76] LOG:  checkpoint starting: time
postgres-1  | 2026-08-20 13:40:07.504 UTC [76] LOG:  checkpoint complete: wrote 593 buffers (3.6%), wrote 1 SLRU buffers; 0 WAL file(s) added, 0 removed, 1 recycled; write=59.421 s, sync=0.009 s, total=59.443 s; sync files=54, longest=0.002 s, average=0.001 s; distance=4694 kB, estimate=6326 kB; lsn=0/232C1AA8, redo lsn=0/230628E8
postgres-1  | 2026-08-20 13:44:08.601 UTC [76] LOG:  checkpoint starting: time
postgres-1  | 2026-08-20 13:45:00.612 UTC [76] LOG:  checkpoint complete: wrote 520 buffers (3.2%), wrote 1 SLRU buffers; 0 WAL file(s) added, 0 removed, 0 recycled; write=51.983 s, sync=0.014 s, total=52.011 s; sync files=50, longest=0.009 s, average=0.001 s; distance=4242 kB, estimate=6118 kB; lsn=0/236BFA90, redo lsn=0/23487230
postgres-1  | 2026-08-20 13:49:08.690 UTC [76] LOG:  checkpoint starting: time
postgres-1  | 2026-08-20 13:49:59.096 UTC [76] LOG:  checkpoint complete: wrote 504 buffers (3.1%), wrote 1 SLRU buffers; 0 WAL file(s) added, 0 removed, 0 recycled; write=50.390 s, sync=0.004 s, total=50.407 s; sync files=53, longest=0.002 s, average=0.001 s; distance=4100 kB, estimate=5916 kB; lsn=0/23A9EE50, redo lsn=0/23888548
postgres-1  | 2026-08-20 13:54:08.190 UTC [76] LOG:  checkpoint starting: time
postgres-1  | 2026-08-20 13:54:55.896 UTC [76] LOG:  checkpoint complete: wrote 476 buffers (2.9%), wrote 1 SLRU buffers; 0 WAL file(s) added, 0 removed, 0 recycled; write=47.686 s, sync=0.015 s, total=47.706 s; sync files=48, longest=0.005 s, average=0.001 s; distance=4095 kB, estimate=5734 kB; lsn=0/23ED4EE8, redo lsn=0/23C884B8
postgres-1  | 2026-08-20 13:59:08.994 UTC [76] LOG:  checkpoint starting: time
postgres-1  | 2026-08-20 14:00:01.106 UTC [76] LOG:  checkpoint complete: wrote 521 buffers (3.2%), wrote 1 SLRU buffers; 0 WAL file(s) added, 0 removed, 1 recycled; write=52.090 s, sync=0.016 s, total=52.112 s; sync files=51, longest=0.012 s, average=0.001 s; distance=4375 kB, estimate=5598 kB; lsn=0/24171948, redo lsn=0/240CE280
postgres-1  | 2026-08-20 14:04:08.201 UTC [76] LOG:  checkpoint starting: time
postgres-1  | 2026-08-20 14:04:55.810 UTC [76] LOG:  checkpoint complete: wrote 475 buffers (2.9%), wrote 1 SLRU buffers; 0 WAL file(s) added, 0 removed, 0 recycled; write=47.587 s, sync=0.016 s, total=47.609 s; sync files=52, longest=0.009 s, average=0.001 s; distance=3786 kB, estimate=5417 kB; lsn=0/246897D8, redo lsn=0/24480C48
postgres-1  | 2026-08-20 14:09:08.861 UTC [76] LOG:  checkpoint starting: time
postgres-1  | 2026-08-20 14:09:55.362 UTC [76] LOG:  checkpoint complete: wrote 465 buffers (2.8%), wrote 1 SLRU buffers; 0 WAL file(s) added, 0 removed, 0 recycled; write=46.490 s, sync=0.007 s, total=46.502 s; sync files=50, longest=0.002 s, average=0.001 s; distance=3840 kB, estimate=5259 kB; lsn=0/24A4E850, redo lsn=0/24840C58
postgres-1  | 2026-08-20 14:14:08.453 UTC [76] LOG:  checkpoint starting: time
postgres-1  | 2026-08-20 14:14:55.457 UTC [76] LOG:  checkpoint complete: wrote 469 buffers (2.9%), wrote 1 SLRU buffers; 0 WAL file(s) added, 0 removed, 0 recycled; write=46.988 s, sync=0.006 s, total=47.005 s; sync files=50, longest=0.002 s, average=0.001 s; distance=3912 kB, estimate=5125 kB; lsn=0/24C1D708, redo lsn=0/24C12EE8
postgres-1  | 2026-08-20 14:19:08.553 UTC [76] LOG:  checkpoint starting: time
postgres-1  | 2026-08-20 14:19:58.457 UTC [76] LOG:  checkpoint complete: wrote 499 buffers (3.0%), wrote 1 SLRU buffers; 0 WAL file(s) added, 0 removed, 0 recycled; write=49.896 s, sync=0.004 s, total=49.905 s; sync files=51, longest=0.002 s, average=0.001 s; distance=4014 kB, estimate=5014 kB; lsn=0/25218978, redo lsn=0/24FFEAE0
postgres-1  | 2026-08-20 14:24:08.540 UTC [76] LOG:  checkpoint starting: time
postgres-1  | 2026-08-20 14:25:11.179 UTC [76] LOG:  checkpoint complete: wrote 626 buffers (3.8%), wrote 1 SLRU buffers; 0 WAL file(s) added, 0 removed, 1 recycled; write=62.609 s, sync=0.015 s, total=62.639 s; sync files=53, longest=0.009 s, average=0.001 s; distance=5062 kB, estimate=5062 kB; lsn=0/25731920, redo lsn=0/254F0698
postgres-1  | 2026-08-20 14:29:08.263 UTC [76] LOG:  checkpoint starting: time
postgres-1  | 2026-08-20 14:29:55.080 UTC [76] LOG:  checkpoint complete: wrote 467 buffers (2.9%), wrote 1 SLRU buffers; 0 WAL file(s) added, 0 removed, 0 recycled; write=46.780 s, sync=0.009 s, total=46.817 s; sync files=50, longest=0.002 s, average=0.001 s; distance=3852 kB, estimate=4941 kB; lsn=0/25A8D280, redo lsn=0/258B3A48
postgres-1  | 2026-08-20 14:34:08.178 UTC [76] LOG:  checkpoint starting: time
postgres-1  | 2026-08-20 14:35:05.998 UTC [76] LOG:  checkpoint complete: wrote 577 buffers (3.5%), wrote 1 SLRU buffers; 0 WAL file(s) added, 0 removed, 0 recycled; write=57.809 s, sync=0.007 s, total=57.820 s; sync files=49, longest=0.002 s, average=0.001 s; distance=4674 kB, estimate=4915 kB; lsn=0/25F52AB0, redo lsn=0/25D44408
postgres-1  | 2026-08-20 14:39:09.075 UTC [76] LOG:  checkpoint starting: time
postgres-1  | 2026-08-20 14:39:53.981 UTC [76] LOG:  checkpoint complete: wrote 448 buffers (2.7%), wrote 1 SLRU buffers; 0 WAL file(s) added, 0 removed, 1 recycled; write=44.877 s, sync=0.015 s, total=44.907 s; sync files=48, longest=0.007 s, average=0.001 s; distance=3828 kB, estimate=4806 kB; lsn=0/26303A50, redo lsn=0/261017E0
postgres-1  | 2026-08-20 14:44:10.056 UTC [76] LOG:  checkpoint starting: time
postgres-1  | 2026-08-20 14:44:55.070 UTC [76] LOG:  checkpoint complete: wrote 449 buffers (2.7%), wrote 1 SLRU buffers; 0 WAL file(s) added, 0 removed, 0 recycled; write=44.972 s, sync=0.017 s, total=45.014 s; sync files=49, longest=0.008 s, average=0.001 s; distance=3883 kB, estimate=4714 kB; lsn=0/266D5310, redo lsn=0/264CC798
postgres-1  | 2026-08-20 14:49:10.163 UTC [76] LOG:  checkpoint starting: time
postgres-1  | 2026-08-20 14:49:58.776 UTC [76] LOG:  checkpoint complete: wrote 485 buffers (3.0%), wrote 1 SLRU buffers; 0 WAL file(s) added, 0 removed, 0 recycled; write=48.589 s, sync=0.012 s, total=48.613 s; sync files=51, longest=0.009 s, average=0.001 s; distance=4033 kB, estimate=4646 kB; lsn=0/26AFF748, redo lsn=0/268BCC98
postgres-1  | 2026-08-20 14:54:10.873 UTC [76] LOG:  checkpoint starting: time
postgres-1  | 2026-08-20 14:54:55.891 UTC [76] LOG:  checkpoint complete: wrote 450 buffers (2.7%), wrote 1 SLRU buffers; 0 WAL file(s) added, 0 removed, 0 recycled; write=44.981 s, sync=0.014 s, total=45.018 s; sync files=48, longest=0.008 s, average=0.001 s; distance=3904 kB, estimate=4572 kB; lsn=0/26E80E98, redo lsn=0/26C8D058
postgres-1  | 2026-08-20 14:59:10.990 UTC [76] LOG:  checkpoint starting: time
postgres-1  | 2026-08-20 14:59:55.315 UTC [76] LOG:  checkpoint complete: wrote 443 buffers (2.7%), wrote 1 SLRU buffers; 0 WAL file(s) added, 0 removed, 1 recycled; write=44.284 s, sync=0.026 s, total=44.325 s; sync files=49, longest=0.013 s, average=0.001 s; distance=3744 kB, estimate=4489 kB; lsn=0/27204F28, redo lsn=0/27035368
postgres-1  | 2026-08-20 15:04:10.412 UTC [76] LOG:  checkpoint starting: time
postgres-1  | 2026-08-20 15:05:31.480 UTC [76] LOG:  checkpoint complete: wrote 810 buffers (4.9%), wrote 1 SLRU buffers; 0 WAL file(s) added, 0 removed, 0 recycled; write=81.043 s, sync=0.012 s, total=81.069 s; sync files=50, longest=0.009 s, average=0.001 s; distance=6461 kB, estimate=6461 kB; lsn=0/2790CBF0, redo lsn=0/276849D0
postgres-1  | 2026-08-20 15:09:10.580 UTC [76] LOG:  checkpoint starting: time
postgres-1  | 2026-08-20 15:09:56.789 UTC [76] LOG:  checkpoint complete: wrote 462 buffers (2.8%), wrote 1 SLRU buffers; 0 WAL file(s) added, 0 removed, 0 recycled; write=46.184 s, sync=0.014 s, total=46.210 s; sync files=50, longest=0.009 s, average=0.001 s; distance=3702 kB, estimate=6185 kB; lsn=0/27BBD1C0, redo lsn=0/27A224B8
postgres-1  | 2026-08-20 15:14:10.846 UTC [76] LOG:  checkpoint starting: time
postgres-1  | 2026-08-20 15:14:55.342 UTC [76] LOG:  checkpoint complete: wrote 445 buffers (2.7%), wrote 1 SLRU buffers; 0 WAL file(s) added, 0 removed, 0 recycled; write=44.484 s, sync=0.007 s, total=44.496 s; sync files=49, longest=0.002 s, average=0.001 s; distance=3622 kB, estimate=5929 kB; lsn=0/27FAFDE8, redo lsn=0/27DABD20
postgres-1  | 2026-08-20 15:19:10.438 UTC [76] LOG:  checkpoint starting: time
postgres-1  | 2026-08-20 15:20:35.121 UTC [76] LOG:  checkpoint complete: wrote 846 buffers (5.2%), wrote 1 SLRU buffers; 0 WAL file(s) added, 0 removed, 1 recycled; write=84.653 s, sync=0.017 s, total=84.683 s; sync files=51, longest=0.009 s, average=0.001 s; distance=6527 kB, estimate=6527 kB; lsn=0/286D7490, redo lsn=0/2840BAA8
postgres-1  | 2026-08-20 15:24:10.197 UTC [76] LOG:  checkpoint starting: time
postgres-1  | 2026-08-20 15:25:04.613 UTC [76] LOG:  checkpoint complete: wrote 543 buffers (3.3%), wrote 1 SLRU buffers; 0 WAL file(s) added, 0 removed, 0 recycled; write=54.399 s, sync=0.012 s, total=54.417 s; sync files=55, longest=0.009 s, average=0.001 s; distance=4290 kB, estimate=6303 kB; lsn=0/28AA2EC0, redo lsn=0/2883C5A8
postgres-1  | 2026-08-20 15:29:10.705 UTC [76] LOG:  checkpoint starting: time
postgres-1  | 2026-08-20 15:30:09.629 UTC [76] LOG:  checkpoint complete: wrote 589 buffers (3.6%), wrote 1 SLRU buffers; 0 WAL file(s) added, 0 removed, 0 recycled; write=58.907 s, sync=0.006 s, total=58.924 s; sync files=54, longest=0.002 s, average=0.001 s; distance=4718 kB, estimate=6145 kB; lsn=0/28F914B8, redo lsn=0/28CD8100
postgres-1  | 2026-08-20 15:34:10.723 UTC [76] LOG:  checkpoint starting: time
postgres-1  | 2026-08-20 15:35:09.546 UTC [76] LOG:  checkpoint complete: wrote 588 buffers (3.6%), wrote 1 SLRU buffers; 0 WAL file(s) added, 0 removed, 1 recycled; write=58.804 s, sync=0.006 s, total=58.824 s; sync files=54, longest=0.002 s, average=0.001 s; distance=4750 kB, estimate=6005 kB; lsn=0/293F24C8, redo lsn=0/2917BAD0
postgres-1  | 2026-08-20 15:39:10.553 UTC [76] LOG:  checkpoint starting: time
postgres-1  | 2026-08-20 15:40:02.966 UTC [76] LOG:  checkpoint complete: wrote 524 buffers (3.2%), wrote 1 SLRU buffers; 0 WAL file(s) added, 0 removed, 0 recycled; write=52.391 s, sync=0.009 s, total=52.413 s; sync files=53, longest=0.002 s, average=0.001 s; distance=4387 kB, estimate=5843 kB; lsn=0/29821AD8, redo lsn=0/295C4828
postgres-1  | 2026-08-20 15:44:11.006 UTC [76] LOG:  checkpoint starting: time
postgres-1  | 2026-08-20 15:45:07.936 UTC [76] LOG:  checkpoint complete: wrote 568 buffers (3.5%), wrote 1 SLRU buffers; 0 WAL file(s) added, 0 removed, 0 recycled; write=56.906 s, sync=0.012 s, total=56.931 s; sync files=54, longest=0.009 s, average=0.001 s; distance=4623 kB, estimate=5721 kB; lsn=0/29CF48D8, redo lsn=0/29A48688
postgres-1  | 2026-08-20 15:49:12.036 UTC [76] LOG:  checkpoint starting: time
postgres-1  | 2026-08-20 15:50:07.762 UTC [76] LOG:  checkpoint complete: wrote 556 buffers (3.4%), wrote 1 SLRU buffers; 0 WAL file(s) added, 0 removed, 0 recycled; write=55.701 s, sync=0.014 s, total=55.727 s; sync files=54, longest=0.009 s, average=0.001 s; distance=4582 kB, estimate=5607 kB; lsn=0/2A184A48, redo lsn=0/29EC2128
postgres-1  | 2026-08-20 15:54:12.857 UTC [76] LOG:  checkpoint starting: time
postgres-1  | 2026-08-20 15:55:08.002 UTC [76] LOG:  checkpoint complete: wrote 551 buffers (3.4%), wrote 1 SLRU buffers; 0 WAL file(s) added, 0 removed, 1 recycled; write=55.097 s, sync=0.033 s, total=55.145 s; sync files=51, longest=0.016 s, average=0.001 s; distance=4671 kB, estimate=5514 kB; lsn=0/2A6333B8, redo lsn=0/2A351D30
postgres-1  | 2026-08-20 15:59:13.098 UTC [76] LOG:  checkpoint starting: time
postgres-1  | 2026-08-20 16:00:06.344 UTC [76] LOG:  checkpoint complete: wrote 531 buffers (3.2%), wrote 1 SLRU buffers; 0 WAL file(s) added, 0 removed, 0 recycled; write=53.201 s, sync=0.021 s, total=53.246 s; sync files=52, longest=0.009 s, average=0.001 s; distance=4580 kB, estimate=5420 kB; lsn=0/2AA3CE48, redo lsn=0/2A7CB118
postgres-1  | 2026-08-20 16:04:13.443 UTC [76] LOG:  checkpoint starting: time
postgres-1  | 2026-08-20 16:05:06.975 UTC [76] LOG:  checkpoint complete: wrote 534 buffers (3.3%), wrote 1 SLRU buffers; 0 WAL file(s) added, 0 removed, 0 recycled; write=53.492 s, sync=0.027 s, total=53.532 s; sync files=50, longest=0.011 s, average=0.001 s; distance=4522 kB, estimate=5331 kB; lsn=0/2AE98E38, redo lsn=0/2AC35CD8
postgres-1  | 2026-08-20 16:09:14.074 UTC [76] LOG:  checkpoint starting: time
postgres-1  | 2026-08-20 16:10:02.791 UTC [76] LOG:  checkpoint complete: wrote 486 buffers (3.0%), wrote 1 SLRU buffers; 0 WAL file(s) added, 0 removed, 1 recycled; write=48.685 s, sync=0.014 s, total=48.717 s; sync files=49, longest=0.009 s, average=0.001 s; distance=4284 kB, estimate=5226 kB; lsn=0/2B268A90, redo lsn=0/2B064E48
postgres-1  | 2026-08-20 16:14:14.846 UTC [76] LOG:  checkpoint starting: time
postgres-1  | 2026-08-20 16:15:03.447 UTC [76] LOG:  checkpoint complete: wrote 486 buffers (3.0%), wrote 1 SLRU buffers; 0 WAL file(s) added, 0 removed, 0 recycled; write=48.584 s, sync=0.012 s, total=48.601 s; sync files=53, longest=0.008 s, average=0.001 s; distance=4144 kB, estimate=5118 kB; lsn=0/2B55F648, redo lsn=0/2B470F58
postgres-1  | 2026-08-20 16:19:14.521 UTC [76] LOG:  checkpoint starting: time
postgres-1  | 2026-08-20 16:20:25.788 UTC [76] LOG:  checkpoint complete: wrote 712 buffers (4.3%), wrote 1 SLRU buffers; 0 WAL file(s) added, 0 removed, 0 recycled; write=71.227 s, sync=0.023 s, total=71.267 s; sync files=54, longest=0.011 s, average=0.001 s; distance=5739 kB, estimate=5739 kB; lsn=0/2BCC94E0, redo lsn=0/2BA0BF00
postgres-1  | 2026-08-20 16:24:14.830 UTC [76] LOG:  checkpoint starting: time
postgres-1  | 2026-08-20 16:25:08.767 UTC [76] LOG:  checkpoint complete: wrote 539 buffers (3.3%), wrote 1 SLRU buffers; 0 WAL file(s) added, 0 removed, 0 recycled; write=53.898 s, sync=0.023 s, total=53.938 s; sync files=51, longest=0.009 s, average=0.001 s; distance=4566 kB, estimate=5622 kB; lsn=0/2C0EAA78, redo lsn=0/2BE81800
postgres-1  | 2026-08-20 16:29:14.844 UTC [76] LOG:  checkpoint starting: time
postgres-1  | 2026-08-20 16:30:02.261 UTC [76] LOG:  checkpoint complete: wrote 474 buffers (2.9%), wrote 1 SLRU buffers; 0 WAL file(s) added, 0 removed, 1 recycled; write=47.377 s, sync=0.026 s, total=47.418 s; sync files=51, longest=0.009 s, average=0.001 s; distance=4035 kB, estimate=5463 kB; lsn=0/2C4AD338, redo lsn=0/2C2727D8
postgres-1  | 2026-08-20 16:34:14.288 UTC [76] LOG:  checkpoint starting: time
postgres-1  | 2026-08-20 16:35:26.935 UTC [76] LOG:  checkpoint complete: wrote 725 buffers (4.4%), wrote 1 SLRU buffers; 0 WAL file(s) added, 0 removed, 0 recycled; write=72.617 s, sync=0.016 s, total=72.648 s; sync files=52, longest=0.009 s, average=0.001 s; distance=5798 kB, estimate=5798 kB; lsn=0/2CAC35D8, redo lsn=0/2C81C058
postgres-1  | 2026-08-20 16:39:15.008 UTC [76] LOG:  checkpoint starting: time
postgres-1  | 2026-08-20 16:40:02.235 UTC [76] LOG:  checkpoint complete: wrote 471 buffers (2.9%), wrote 1 SLRU buffers; 0 WAL file(s) added, 0 removed, 0 recycled; write=47.188 s, sync=0.027 s, total=47.228 s; sync files=55, longest=0.010 s, average=0.001 s; distance=4092 kB, estimate=5627 kB; lsn=0/2CE61C18, redo lsn=0/2CC1B328
postgres-1  | 2026-08-20 16:44:15.325 UTC [76] LOG:  checkpoint starting: time
postgres-1  | 2026-08-20 16:45:08.463 UTC [76] LOG:  checkpoint complete: wrote 530 buffers (3.2%), wrote 1 SLRU buffers; 0 WAL file(s) added, 0 removed, 1 recycled; write=53.095 s, sync=0.020 s, total=53.138 s; sync files=52, longest=0.009 s, average=0.001 s; distance=4386 kB, estimate=5503 kB; lsn=0/2D2C8648, redo lsn=0/2D063E20
postgres-1  | 2026-08-20 16:49:15.536 UTC [76] LOG:  checkpoint starting: time
postgres-1  | 2026-08-20 16:50:05.968 UTC [76] LOG:  checkpoint complete: wrote 504 buffers (3.1%), wrote 1 SLRU buffers; 0 WAL file(s) added, 0 removed, 0 recycled; write=50.398 s, sync=0.013 s, total=50.433 s; sync files=53, longest=0.009 s, average=0.001 s; distance=4188 kB, estimate=5372 kB; lsn=0/2D6C68E0, redo lsn=0/2D47B058
postgres-1  | 2026-08-20 16:54:16.063 UTC [76] LOG:  checkpoint starting: time
postgres-1  | 2026-08-20 16:55:47.644 UTC [76] LOG:  checkpoint complete: wrote 914 buffers (5.6%), wrote 1 SLRU buffers; 0 WAL file(s) added, 0 removed, 0 recycled; write=91.566 s, sync=0.012 s, total=91.582 s; sync files=53, longest=0.009 s, average=0.001 s; distance=7476 kB, estimate=7476 kB; lsn=0/2DE7B4A0, redo lsn=0/2DBC83E8
postgres-1  | 2026-08-20 16:59:16.719 UTC [76] LOG:  checkpoint starting: time
postgres-1  | 2026-08-20 17:00:05.047 UTC [76] LOG:  checkpoint complete: wrote 483 buffers (2.9%), wrote 1 SLRU buffers; 0 WAL file(s) added, 0 removed, 0 recycled; write=48.291 s, sync=0.016 s, total=48.329 s; sync files=52, longest=0.009 s, average=0.001 s; distance=4145 kB, estimate=7143 kB; lsn=0/2E22DDD0, redo lsn=0/2DFD49A8
postgres-1  | 2026-08-20 17:04:16.118 UTC [76] LOG:  checkpoint starting: time
postgres-1  | 2026-08-20 17:05:09.451 UTC [76] LOG:  checkpoint complete: wrote 532 buffers (3.2%), wrote 1 SLRU buffers; 0 WAL file(s) added, 0 removed, 1 recycled; write=53.295 s, sync=0.013 s, total=53.333 s; sync files=52, longest=0.009 s, average=0.001 s; distance=4414 kB, estimate=6870 kB; lsn=0/2E66FE00, redo lsn=0/2E4243B8
postgres-1  | 2026-08-20 17:09:16.455 UTC [76] LOG:  checkpoint starting: time
postgres-1  | 2026-08-20 17:10:03.369 UTC [76] LOG:  checkpoint complete: wrote 468 buffers (2.9%), wrote 1 SLRU buffers; 0 WAL file(s) added, 0 removed, 0 recycled; write=46.880 s, sync=0.021 s, total=46.914 s; sync files=52, longest=0.009 s, average=0.001 s; distance=4044 kB, estimate=6588 kB; lsn=0/2EA79750, redo lsn=0/2E817570
postgres-1  | 2026-08-20 17:14:16.436 UTC [76] LOG:  checkpoint starting: time
postgres-1  | 2026-08-20 17:15:05.148 UTC [76] LOG:  checkpoint complete: wrote 486 buffers (3.0%), wrote 2 SLRU buffers; 0 WAL file(s) added, 0 removed, 0 recycled; write=48.680 s, sync=0.019 s, total=48.712 s; sync files=53, longest=0.009 s, average=0.001 s; distance=4078 kB, estimate=6337 kB; lsn=0/2EE82878, redo lsn=0/2EC130E8
postgres-1  | 2026-08-20 17:19:16.248 UTC [76] LOG:  checkpoint starting: time
postgres-1  | 2026-08-20 17:20:16.584 UTC [76] LOG:  checkpoint complete: wrote 602 buffers (3.7%), wrote 1 SLRU buffers; 0 WAL file(s) added, 0 removed, 1 recycled; write=60.299 s, sync=0.012 s, total=60.336 s; sync files=54, longest=0.009 s, average=0.001 s; distance=4960 kB, estimate=6199 kB; lsn=0/2F394FD0, redo lsn=0/2F0EB498
postgres-1  | 2026-08-20 17:24:16.658 UTC [76] LOG:  checkpoint starting: time
postgres-1  | 2026-08-20 17:25:38.165 UTC [76] LOG:  checkpoint complete: wrote 815 buffers (5.0%), wrote 1 SLRU buffers; 0 WAL file(s) added, 0 removed, 0 recycled; write=81.466 s, sync=0.028 s, total=81.507 s; sync files=51, longest=0.012 s, average=0.001 s; distance=6571 kB, estimate=6571 kB; lsn=0/2FA1C878, redo lsn=0/2F7563B8
postgres-1  | 2026-08-20 17:29:16.262 UTC [76] LOG:  checkpoint starting: time
postgres-1  | 2026-08-20 17:30:04.176 UTC [76] LOG:  checkpoint complete: wrote 478 buffers (2.9%), wrote 1 SLRU buffers; 0 WAL file(s) added, 0 removed, 0 recycled; write=47.889 s, sync=0.013 s, total=47.914 s; sync files=52, longest=0.009 s, average=0.001 s; distance=4121 kB, estimate=6326 kB; lsn=0/2FD97D40, redo lsn=0/2FB5CA08
postgres-1  | 2026-08-20 17:34:16.267 UTC [76] LOG:  checkpoint starting: time
postgres-1  | 2026-08-20 17:35:06.180 UTC [76] LOG:  checkpoint complete: wrote 498 buffers (3.0%), wrote 1 SLRU buffers; 0 WAL file(s) added, 0 removed, 0 recycled; write=49.882 s, sync=0.016 s, total=49.913 s; sync files=50, longest=0.009 s, average=0.001 s; distance=4164 kB, estimate=6110 kB; lsn=0/301B84A0, redo lsn=0/2FF6DC88
postgres-1  | 2026-08-20 17:39:16.267 UTC [76] LOG:  checkpoint starting: time
postgres-1  | 2026-08-20 17:40:04.473 UTC [76] LOG:  checkpoint complete: wrote 481 buffers (2.9%), wrote 1 SLRU buffers; 0 WAL file(s) added, 0 removed, 1 recycled; write=48.179 s, sync=0.011 s, total=48.207 s; sync files=51, longest=0.005 s, average=0.001 s; distance=4067 kB, estimate=5906 kB; lsn=0/305AB4B8, redo lsn=0/30366C18
postgres-1  | 2026-08-20 17:44:16.494 UTC [76] LOG:  checkpoint starting: time
postgres-1  | 2026-08-20 17:45:08.821 UTC [76] LOG:  checkpoint complete: wrote 522 buffers (3.2%), wrote 1 SLRU buffers; 0 WAL file(s) added, 0 removed, 0 recycled; write=52.297 s, sync=0.013 s, total=52.327 s; sync files=51, longest=0.009 s, average=0.001 s; distance=4254 kB, estimate=5741 kB; lsn=0/309D1418, redo lsn=0/3078E568
postgres-1  | 2026-08-20 17:49:16.918 UTC [76] LOG:  checkpoint starting: time
postgres-1  | 2026-08-20 17:50:12.346 UTC [76] LOG:  checkpoint complete: wrote 554 buffers (3.4%), wrote 1 SLRU buffers; 0 WAL file(s) added, 0 removed, 0 recycled; write=55.396 s, sync=0.013 s, total=55.428 s; sync files=50, longest=0.009 s, average=0.001 s; distance=4664 kB, estimate=5633 kB; lsn=0/30E50D48, redo lsn=0/30C1C850
postgres-1  | 2026-08-20 17:54:16.437 UTC [76] LOG:  checkpoint starting: time
postgres-1  | 2026-08-20 17:55:03.948 UTC [76] LOG:  checkpoint complete: wrote 474 buffers (2.9%), wrote 1 SLRU buffers; 0 WAL file(s) added, 0 removed, 0 recycled; write=47.482 s, sync=0.015 s, total=47.512 s; sync files=50, longest=0.009 s, average=0.001 s; distance=3965 kB, estimate=5466 kB; lsn=0/31241B30, redo lsn=0/30FFBD00
postgres-1  | 2026-08-20 17:59:16.978 UTC [76] LOG:  checkpoint starting: time
postgres-1  | 2026-08-20 18:00:04.509 UTC [76] LOG:  checkpoint complete: wrote 475 buffers (2.9%), wrote 1 SLRU buffers; 0 WAL file(s) added, 0 removed, 1 recycled; write=47.498 s, sync=0.013 s, total=47.531 s; sync files=50, longest=0.009 s, average=0.001 s; distance=4048 kB, estimate=5324 kB; lsn=0/315F8150, redo lsn=0/313F0030
postgres-1  | 2026-08-20 18:04:16.578 UTC [76] LOG:  checkpoint starting: time
postgres-1  | 2026-08-20 18:05:03.599 UTC [76] LOG:  checkpoint complete: wrote 470 buffers (2.9%), wrote 1 SLRU buffers; 0 WAL file(s) added, 0 removed, 0 recycled; write=46.992 s, sync=0.012 s, total=47.021 s; sync files=49, longest=0.009 s, average=0.001 s; distance=3969 kB, estimate=5189 kB; lsn=0/319FAC00, redo lsn=0/317D0670
postgres-1  | 2026-08-20 18:09:16.677 UTC [76] LOG:  checkpoint starting: time
postgres-1  | 2026-08-20 18:10:02.798 UTC [76] LOG:  checkpoint complete: wrote 461 buffers (2.8%), wrote 1 SLRU buffers; 0 WAL file(s) added, 0 removed, 0 recycled; write=46.085 s, sync=0.016 s, total=46.121 s; sync files=51, longest=0.009 s, average=0.001 s; distance=3904 kB, estimate=5060 kB; lsn=0/31DCB908, redo lsn=0/31BA0920
postgres-1  | 2026-08-20 18:14:16.798 UTC [76] LOG:  checkpoint starting: time
postgres-1  | 2026-08-20 18:15:48.689 UTC [76] LOG:  checkpoint complete: wrote 919 buffers (5.6%), wrote 1 SLRU buffers; 0 WAL file(s) added, 0 removed, 1 recycled; write=91.860 s, sync=0.016 s, total=91.891 s; sync files=53, longest=0.009 s, average=0.001 s; distance=7098 kB, estimate=7098 kB; lsn=0/32579A28, redo lsn=0/3228F408
postgres-1  | 2026-08-20 18:19:16.784 UTC [76] LOG:  checkpoint starting: time
postgres-1  | 2026-08-20 18:20:16.515 UTC [76] LOG:  checkpoint complete: wrote 597 buffers (3.6%), wrote 1 SLRU buffers; 0 WAL file(s) added, 0 removed, 0 recycled; write=59.706 s, sync=0.012 s, total=59.731 s; sync files=51, longest=0.009 s, average=0.001 s; distance=5093 kB, estimate=6898 kB; lsn=0/32A6F8B8, redo lsn=0/32788BC8
postgres-1  | 2026-08-20 18:24:16.575 UTC [76] LOG:  checkpoint starting: time
postgres-1  | 2026-08-20 18:25:14.993 UTC [76] LOG:  checkpoint complete: wrote 584 buffers (3.6%), wrote 1 SLRU buffers; 0 WAL file(s) added, 0 removed, 0 recycled; write=58.389 s, sync=0.012 s, total=58.419 s; sync files=55, longest=0.009 s, average=0.001 s; distance=4981 kB, estimate=6706 kB; lsn=0/32F00BB8, redo lsn=0/32C661F8
postgres-1  | 2026-08-20 18:29:17.074 UTC [76] LOG:  checkpoint starting: time
postgres-1  | 2026-08-20 18:30:50.762 UTC [76] LOG:  checkpoint complete: wrote 935 buffers (5.7%), wrote 1 SLRU buffers; 0 WAL file(s) added, 0 removed, 1 recycled; write=93.652 s, sync=0.020 s, total=93.689 s; sync files=53, longest=0.009 s, average=0.001 s; distance=7535 kB, estimate=7535 kB; lsn=0/336CAE98, redo lsn=0/333C1FD8
postgres-1  | 2026-08-20 18:34:17.833 UTC [76] LOG:  checkpoint starting: time
postgres-1  | 2026-08-20 18:35:09.155 UTC [76] LOG:  checkpoint complete: wrote 513 buffers (3.1%), wrote 1 SLRU buffers; 0 WAL file(s) added, 0 removed, 0 recycled; write=51.285 s, sync=0.022 s, total=51.323 s; sync files=52, longest=0.009 s, average=0.001 s; distance=4344 kB, estimate=7216 kB; lsn=0/33A71128, redo lsn=0/33800250
postgres-1  | 2026-08-20 18:39:17.248 UTC [76] LOG:  checkpoint starting: time
postgres-1  | 2026-08-20 18:40:06.470 UTC [76] LOG:  checkpoint complete: wrote 491 buffers (3.0%), wrote 1 SLRU buffers; 0 WAL file(s) added, 0 removed, 0 recycled; write=49.187 s, sync=0.016 s, total=49.222 s; sync files=52, longest=0.009 s, average=0.001 s; distance=4125 kB, estimate=6907 kB; lsn=0/33E745F0, redo lsn=0/33C076D8
postgres-1  | 2026-08-20 18:44:17.570 UTC [76] LOG:  checkpoint starting: time
postgres-1  | 2026-08-20 18:45:08.903 UTC [76] LOG:  checkpoint complete: wrote 513 buffers (3.1%), wrote 1 SLRU buffers; 0 WAL file(s) added, 0 removed, 1 recycled; write=51.304 s, sync=0.015 s, total=51.334 s; sync files=51, longest=0.008 s, average=0.001 s; distance=4349 kB, estimate=6651 kB; lsn=0/342DA210, redo lsn=0/34046D50
postgres-1  | 2026-08-20 18:49:18.003 UTC [76] LOG:  checkpoint starting: time
postgres-1  | 2026-08-20 18:50:20.446 UTC [76] LOG:  checkpoint complete: wrote 623 buffers (3.8%), wrote 1 SLRU buffers; 0 WAL file(s) added, 0 removed, 0 recycled; write=62.407 s, sync=0.013 s, total=62.444 s; sync files=62, longest=0.009 s, average=0.001 s; distance=5085 kB, estimate=6494 kB; lsn=0/347B3770, redo lsn=0/3453E3C8
postgres-1  | 2026-08-20 18:54:18.527 UTC [76] LOG:  checkpoint starting: time
postgres-1  | 2026-08-20 18:55:09.243 UTC [76] LOG:  checkpoint complete: wrote 507 buffers (3.1%), wrote 1 SLRU buffers; 0 WAL file(s) added, 0 removed, 0 recycled; write=50.683 s, sync=0.017 s, total=50.717 s; sync files=49, longest=0.009 s, average=0.001 s; distance=4217 kB, estimate=6267 kB; lsn=0/34BC40F0, redo lsn=0/3495C8A0
postgres-1  | 2026-08-20 18:59:18.290 UTC [76] LOG:  checkpoint starting: time
postgres-1  | 2026-08-20 19:01:07.703 UTC [76] LOG:  checkpoint complete: wrote 1093 buffers (6.7%), wrote 1 SLRU buffers; 0 WAL file(s) added, 0 removed, 1 recycled; write=109.380 s, sync=0.014 s, total=109.414 s; sync files=55, longest=0.009 s, average=0.001 s; distance=8762 kB, estimate=8762 kB; lsn=0/354FE410, redo lsn=0/351EB308
postgres-1  | 2026-08-20 19:04:18.796 UTC [76] LOG:  checkpoint starting: time
postgres-1  | 2026-08-20 19:05:09.035 UTC [76] LOG:  checkpoint complete: wrote 502 buffers (3.1%), wrote 1 SLRU buffers; 0 WAL file(s) added, 0 removed, 0 recycled; write=50.196 s, sync=0.012 s, total=50.240 s; sync files=51, longest=0.009 s, average=0.001 s; distance=4373 kB, estimate=8323 kB; lsn=0/35899D30, redo lsn=0/35630748
postgres-1  | 2026-08-20 19:09:18.100 UTC [76] LOG:  checkpoint starting: time
postgres-1  | 2026-08-20 19:10:07.522 UTC [76] LOG:  checkpoint complete: wrote 493 buffers (3.0%), wrote 1 SLRU buffers; 0 WAL file(s) added, 0 removed, 0 recycled; write=49.396 s, sync=0.012 s, total=49.423 s; sync files=48, longest=0.009 s, average=0.001 s; distance=4176 kB, estimate=7908 kB; lsn=0/35C900D0, redo lsn=0/35A44A90
postgres-1  | 2026-08-20 19:14:18.617 UTC [76] LOG:  checkpoint starting: time
postgres-1  | 2026-08-20 19:15:16.045 UTC [76] LOG:  checkpoint complete: wrote 574 buffers (3.5%), wrote 1 SLRU buffers; 0 WAL file(s) added, 0 removed, 0 recycled; write=57.401 s, sync=0.015 s, total=57.429 s; sync files=53, longest=0.009 s, average=0.001 s; distance=4755 kB, estimate=7593 kB; lsn=0/3613BFE0, redo lsn=0/35EE9A68
postgres-1  | 2026-08-20 19:19:18.084 UTC [76] LOG:  checkpoint starting: time
postgres-1  | 2026-08-20 19:20:05.885 UTC [76] LOG:  checkpoint complete: wrote 477 buffers (2.9%), wrote 1 SLRU buffers; 0 WAL file(s) added, 0 removed, 1 recycled; write=47.774 s, sync=0.014 s, total=47.801 s; sync files=52, longest=0.009 s, average=0.001 s; distance=4054 kB, estimate=7239 kB; lsn=0/3645E290, redo lsn=0/362DF480
postgres-1  | 2026-08-20 19:24:18.976 UTC [76] LOG:  checkpoint starting: time
postgres-1  | 2026-08-20 19:25:05.693 UTC [76] LOG:  checkpoint complete: wrote 467 buffers (2.9%), wrote 1 SLRU buffers; 0 WAL file(s) added, 0 removed, 0 recycled; write=46.687 s, sync=0.012 s, total=46.717 s; sync files=50, longest=0.009 s, average=0.001 s; distance=3954 kB, estimate=6911 kB; lsn=0/368F4AB8, redo lsn=0/366BBFF8
postgres-1  | 2026-08-20 19:29:18.752 UTC [76] LOG:  checkpoint starting: time
postgres-1  | 2026-08-20 19:30:05.666 UTC [76] LOG:  checkpoint complete: wrote 469 buffers (2.9%), wrote 1 SLRU buffers; 0 WAL file(s) added, 0 removed, 0 recycled; write=46.885 s, sync=0.016 s, total=46.914 s; sync files=51, longest=0.009 s, average=0.001 s; distance=3992 kB, estimate=6619 kB; lsn=0/36CE1688, redo lsn=0/36AA2150
postgres-1  | 2026-08-20 19:34:18.723 UTC [76] LOG:  checkpoint starting: time
postgres-1  | 2026-08-20 19:35:06.331 UTC [76] LOG:  checkpoint complete: wrote 476 buffers (2.9%), wrote 1 SLRU buffers; 0 WAL file(s) added, 0 removed, 0 recycled; write=47.577 s, sync=0.018 s, total=47.609 s; sync files=52, longest=0.009 s, average=0.001 s; distance=4007 kB, estimate=6358 kB; lsn=0/370CB678, redo lsn=0/36E8BDB0
postgres-1  | 2026-08-20 19:39:18.422 UTC [76] LOG:  checkpoint starting: time
postgres-1  | 2026-08-20 19:40:04.659 UTC [76] LOG:  checkpoint complete: wrote 461 buffers (2.8%), wrote 1 SLRU buffers; 0 WAL file(s) added, 0 removed, 1 recycled; write=46.196 s, sync=0.015 s, total=46.238 s; sync files=51, longest=0.009 s, average=0.001 s; distance=3883 kB, estimate=6110 kB; lsn=0/3746DD98, redo lsn=0/37256AA8
postgres-1  | 2026-08-20 19:44:18.758 UTC [76] LOG:  checkpoint starting: time
postgres-1  | 2026-08-20 19:45:31.343 UTC [76] LOG:  checkpoint complete: wrote 726 buffers (4.4%), wrote 1 SLRU buffers; 0 WAL file(s) added, 0 removed, 0 recycled; write=72.553 s, sync=0.019 s, total=72.585 s; sync files=54, longest=0.009 s, average=0.001 s; distance=5782 kB, estimate=6077 kB; lsn=0/37A64598, redo lsn=0/377FC2C8
postgres-1  | 2026-08-20 19:49:18.409 UTC [76] LOG:  checkpoint starting: time
postgres-1  | 2026-08-20 19:50:04.450 UTC [76] LOG:  checkpoint complete: wrote 459 buffers (2.8%), wrote 1 SLRU buffers; 0 WAL file(s) added, 0 removed, 0 recycled; write=46.010 s, sync=0.012 s, total=46.041 s; sync files=51, longest=0.009 s, average=0.001 s; distance=3750 kB, estimate=5845 kB; lsn=0/37DDA8A8, redo lsn=0/37BA5E48
postgres-1  | 2026-08-20 19:54:18.543 UTC [76] LOG:  checkpoint starting: time
postgres-1  | 2026-08-20 19:55:03.238 UTC [76] LOG:  checkpoint complete: wrote 446 buffers (2.7%), wrote 1 SLRU buffers; 0 WAL file(s) added, 0 removed, 0 recycled; write=44.674 s, sync=0.016 s, total=44.696 s; sync files=51, longest=0.009 s, average=0.001 s; distance=3725 kB, estimate=5633 kB; lsn=0/381896D0, redo lsn=0/37F492A0
postgres-1  | 2026-08-20 19:59:18.248 UTC [76] LOG:  checkpoint starting: time
postgres-1  | 2026-08-20 20:00:05.585 UTC [76] LOG:  checkpoint complete: wrote 472 buffers (2.9%), wrote 1 SLRU buffers; 0 WAL file(s) added, 0 removed, 1 recycled; write=47.288 s, sync=0.015 s, total=47.337 s; sync files=51, longest=0.009 s, average=0.001 s; distance=4044 kB, estimate=5474 kB; lsn=0/3850E1B0, redo lsn=0/3833C3F8
postgres-1  | 2026-08-20 20:04:18.682 UTC [76] LOG:  checkpoint starting: time
postgres-1  | 2026-08-20 20:05:03.497 UTC [76] LOG:  checkpoint complete: wrote 448 buffers (2.7%), wrote 1 SLRU buffers; 0 WAL file(s) added, 0 removed, 0 recycled; write=44.777 s, sync=0.008 s, total=44.815 s; sync files=49, longest=0.002 s, average=0.001 s; distance=3770 kB, estimate=5303 kB; lsn=0/388FB550, redo lsn=0/386EADB0
postgres-1  | 2026-08-20 20:09:18.580 UTC [76] LOG:  checkpoint starting: time
postgres-1  | 2026-08-20 20:10:07.795 UTC [76] LOG:  checkpoint complete: wrote 492 buffers (3.0%), wrote 1 SLRU buffers; 0 WAL file(s) added, 0 removed, 0 recycled; write=49.191 s, sync=0.012 s, total=49.216 s; sync files=52, longest=0.009 s, average=0.001 s; distance=4037 kB, estimate=5177 kB; lsn=0/38C7F448, redo lsn=0/38ADC598
postgres-1  | 2026-08-20 20:14:18.863 UTC [76] LOG:  checkpoint starting: time
postgres-1  | 2026-08-20 20:15:02.072 UTC [76] LOG:  checkpoint complete: wrote 432 buffers (2.6%), wrote 1 SLRU buffers; 0 WAL file(s) added, 0 removed, 0 recycled; write=43.178 s, sync=0.019 s, total=43.209 s; sync files=49, longest=0.009 s, average=0.001 s; distance=3557 kB, estimate=5015 kB; lsn=0/3907FC10, redo lsn=0/38E55CF8
postgres-1  | 2026-08-20 20:19:18.172 UTC [76] LOG:  checkpoint starting: time
postgres-1  | 2026-08-20 20:20:13.004 UTC [76] LOG:  checkpoint complete: wrote 547 buffers (3.3%), wrote 1 SLRU buffers; 0 WAL file(s) added, 0 removed, 1 recycled; write=54.792 s, sync=0.014 s, total=54.833 s; sync files=51, longest=0.008 s, average=0.001 s; distance=4459 kB, estimate=4959 kB; lsn=0/394EAE78, redo lsn=0/392B0C90
postgres-1  | 2026-08-20 20:24:19.085 UTC [76] LOG:  checkpoint starting: time
postgres-1  | 2026-08-20 20:25:05.606 UTC [76] LOG:  checkpoint complete: wrote 464 buffers (2.8%), wrote 1 SLRU buffers; 0 WAL file(s) added, 0 removed, 0 recycled; write=46.494 s, sync=0.015 s, total=46.522 s; sync files=49, longest=0.009 s, average=0.001 s; distance=3987 kB, estimate=4862 kB; lsn=0/3987F7E8, redo lsn=0/39695910
postgres-1  | 2026-08-20 20:29:19.704 UTC [76] LOG:  checkpoint starting: time
postgres-1  | 2026-08-20 20:30:03.509 UTC [76] LOG:  checkpoint complete: wrote 438 buffers (2.7%), wrote 1 SLRU buffers; 0 WAL file(s) added, 0 removed, 0 recycled; write=43.776 s, sync=0.017 s, total=43.806 s; sync files=48, longest=0.009 s, average=0.001 s; distance=3708 kB, estimate=4747 kB; lsn=0/39C74828, redo lsn=0/39A34CF0
postgres-1  | 2026-08-20 20:34:19.538 UTC [76] LOG:  checkpoint starting: time
postgres-1  | 2026-08-20 20:35:05.560 UTC [76] LOG:  checkpoint complete: wrote 459 buffers (2.8%), wrote 1 SLRU buffers; 0 WAL file(s) added, 0 removed, 0 recycled; write=45.987 s, sync=0.018 s, total=46.022 s; sync files=50, longest=0.009 s, average=0.001 s; distance=3853 kB, estimate=4657 kB; lsn=0/3A005C70, redo lsn=0/39DF8450
postgres-1  | 2026-08-20 20:39:19.658 UTC [76] LOG:  checkpoint starting: time
postgres-1  | 2026-08-20 20:40:07.870 UTC [76] LOG:  checkpoint complete: wrote 482 buffers (2.9%), wrote 1 SLRU buffers; 0 WAL file(s) added, 0 removed, 1 recycled; write=48.183 s, sync=0.012 s, total=48.212 s; sync files=50, longest=0.008 s, average=0.001 s; distance=4029 kB, estimate=4594 kB; lsn=0/3A3B8398, redo lsn=0/3A1E7A30
postgres-1  | 2026-08-20 20:44:19.953 UTC [76] LOG:  checkpoint starting: time
postgres-1  | 2026-08-20 20:45:06.175 UTC [76] LOG:  checkpoint complete: wrote 462 buffers (2.8%), wrote 1 SLRU buffers; 0 WAL file(s) added, 0 removed, 0 recycled; write=46.198 s, sync=0.012 s, total=46.223 s; sync files=49, longest=0.009 s, average=0.001 s; distance=3697 kB, estimate=4505 kB; lsn=0/3A7915E8, redo lsn=0/3A5840D0
postgres-1  | 2026-08-20 20:49:19.236 UTC [76] LOG:  checkpoint starting: time
postgres-1  | 2026-08-20 20:50:02.857 UTC [76] LOG:  checkpoint complete: wrote 435 buffers (2.7%), wrote 1 SLRU buffers; 0 WAL file(s) added, 0 removed, 0 recycled; write=43.588 s, sync=0.018 s, total=43.621 s; sync files=48, longest=0.009 s, average=0.001 s; distance=3614 kB, estimate=4416 kB; lsn=0/3AB11D50, redo lsn=0/3A90B940
postgres-1  | 2026-08-20 20:54:19.954 UTC [76] LOG:  checkpoint starting: time
postgres-1  | 2026-08-20 20:55:04.666 UTC [76] LOG:  checkpoint complete: wrote 447 buffers (2.7%), wrote 1 SLRU buffers; 0 WAL file(s) added, 0 removed, 0 recycled; write=44.687 s, sync=0.012 s, total=44.712 s; sync files=48, longest=0.009 s, average=0.001 s; distance=3687 kB, estimate=4343 kB; lsn=0/3AEBC910, redo lsn=0/3ACA57C8
postgres-1  | 2026-08-20 20:59:19.761 UTC [76] LOG:  checkpoint starting: time
postgres-1  | 2026-08-20 21:00:07.276 UTC [76] LOG:  checkpoint complete: wrote 475 buffers (2.9%), wrote 1 SLRU buffers; 0 WAL file(s) added, 0 removed, 1 recycled; write=47.483 s, sync=0.014 s, total=47.516 s; sync files=53, longest=0.009 s, average=0.001 s; distance=3945 kB, estimate=4303 kB; lsn=0/3B276210, redo lsn=0/3B07FCA8
postgres-1  | 2026-08-20 21:04:19.366 UTC [76] LOG:  checkpoint starting: time
postgres-1  | 2026-08-20 21:05:05.467 UTC [76] LOG:  checkpoint complete: wrote 460 buffers (2.8%), wrote 1 SLRU buffers; 0 WAL file(s) added, 0 removed, 0 recycled; write=46.081 s, sync=0.017 s, total=46.102 s; sync files=50, longest=0.010 s, average=0.001 s; distance=3633 kB, estimate=4236 kB; lsn=0/3B60F328, redo lsn=0/3B40C3D0
postgres-1  | 2026-08-20 21:09:19.535 UTC [76] LOG:  checkpoint starting: time
postgres-1  | 2026-08-20 21:10:06.655 UTC [76] LOG:  checkpoint complete: wrote 470 buffers (2.9%), wrote 1 SLRU buffers; 0 WAL file(s) added, 0 removed, 0 recycled; write=47.089 s, sync=0.018 s, total=47.120 s; sync files=51, longest=0.009 s, average=0.001 s; distance=3731 kB, estimate=4186 kB; lsn=0/3B99E3F8, redo lsn=0/3B7B11A0
postgres-1  | 2026-08-20 21:14:19.738 UTC [76] LOG:  checkpoint starting: time
postgres-1  | 2026-08-20 21:15:32.791 UTC [76] LOG:  checkpoint complete: wrote 731 buffers (4.5%), wrote 1 SLRU buffers; 0 WAL file(s) added, 0 removed, 0 recycled; write=73.026 s, sync=0.013 s, total=73.053 s; sync files=51, longest=0.009 s, average=0.001 s; distance=5742 kB, estimate=5742 kB; lsn=0/3BF93120, redo lsn=0/3BD4CB98
postgres-1  | 2026-08-20 21:19:19.837 UTC [76] LOG:  checkpoint starting: time
postgres-1  | 2026-08-20 21:19:59.357 UTC [76] LOG:  checkpoint complete: wrote 395 buffers (2.4%), wrote 1 SLRU buffers; 0 WAL file(s) added, 0 removed, 1 recycled; write=39.488 s, sync=0.019 s, total=39.521 s; sync files=51, longest=0.009 s, average=0.001 s; distance=3231 kB, estimate=5491 kB; lsn=0/3C28A308, redo lsn=0/3C074A30
postgres-1  | 2026-08-20 21:24:19.397 UTC [76] LOG:  checkpoint starting: time
postgres-1  | 2026-08-20 21:25:07.911 UTC [76] LOG:  checkpoint complete: wrote 484 buffers (3.0%), wrote 2 SLRU buffers; 0 WAL file(s) added, 0 removed, 0 recycled; write=48.488 s, sync=0.009 s, total=48.515 s; sync files=55, longest=0.002 s, average=0.001 s; distance=3800 kB, estimate=5322 kB; lsn=0/3C609010, redo lsn=0/3C42AA40
postgres-1  | 2026-08-20 21:29:19.978 UTC [76] LOG:  checkpoint starting: time
postgres-1  | 2026-08-20 21:30:00.279 UTC [76] LOG:  checkpoint complete: wrote 403 buffers (2.5%), wrote 1 SLRU buffers; 0 WAL file(s) added, 0 removed, 0 recycled; write=40.277 s, sync=0.011 s, total=40.302 s; sync files=50, longest=0.004 s, average=0.001 s; distance=3135 kB, estimate=5103 kB; lsn=0/3C908DD0, redo lsn=0/3C73A890
postgres-1  | 2026-08-20 21:34:19.361 UTC [76] LOG:  checkpoint starting: time
postgres-1  | 2026-08-20 21:34:58.051 UTC [76] LOG:  checkpoint complete: wrote 386 buffers (2.4%), wrote 1 SLRU buffers; 0 WAL file(s) added, 0 removed, 0 recycled; write=38.666 s, sync=0.013 s, total=38.690 s; sync files=48, longest=0.009 s, average=0.001 s; distance=2958 kB, estimate=4889 kB; lsn=0/3CBA3788, redo lsn=0/3CA1E3A0
postgres-1  | 2026-08-20 21:39:19.126 UTC [76] LOG:  checkpoint starting: time
postgres-1  | 2026-08-20 21:39:57.428 UTC [76] LOG:  checkpoint complete: wrote 382 buffers (2.3%), wrote 1 SLRU buffers; 0 WAL file(s) added, 0 removed, 0 recycled; write=38.266 s, sync=0.020 s, total=38.303 s; sync files=46, longest=0.009 s, average=0.001 s; distance=2870 kB, estimate=4687 kB; lsn=0/3CEAF1D0, redo lsn=0/3CCEBBE8
postgres-1  | 2026-08-20 21:44:19.455 UTC [76] LOG:  checkpoint starting: time
postgres-1  | 2026-08-20 21:45:03.167 UTC [76] LOG:  checkpoint complete: wrote 436 buffers (2.7%), wrote 1 SLRU buffers; 0 WAL file(s) added, 0 removed, 1 recycled; write=43.688 s, sync=0.018 s, total=43.713 s; sync files=51, longest=0.009 s, average=0.001 s; distance=3320 kB, estimate=4550 kB; lsn=0/3D1D1FE0, redo lsn=0/3D029EA8
postgres-1  | 2026-08-20 21:49:19.182 UTC [76] LOG:  checkpoint starting: time
postgres-1  | 2026-08-20 21:50:00.576 UTC [76] LOG:  checkpoint complete: wrote 413 buffers (2.5%), wrote 1 SLRU buffers; 0 WAL file(s) added, 0 removed, 0 recycled; write=41.370 s, sync=0.019 s, total=41.395 s; sync files=55, longest=0.009 s, average=0.001 s; distance=3010 kB, estimate=4396 kB; lsn=0/3D6C0150, redo lsn=0/3D31A8B8
postgres-1  | 2026-08-20 21:54:19.655 UTC [76] LOG:  checkpoint starting: time
postgres-1  | 2026-08-20 21:55:42.125 UTC [76] LOG:  checkpoint complete: wrote 825 buffers (5.0%), wrote 1 SLRU buffers; 0 WAL file(s) added, 0 removed, 0 recycled; write=82.444 s, sync=0.013 s, total=82.470 s; sync files=50, longest=0.009 s, average=0.001 s; distance=6068 kB, estimate=6068 kB; lsn=0/3DAD2B10, redo lsn=0/3D907918
postgres-1  | 2026-08-20 21:59:19.222 UTC [76] LOG:  checkpoint starting: time
postgres-1  | 2026-08-20 22:00:53.824 UTC [76] LOG:  checkpoint complete: wrote 944 buffers (5.8%), wrote 1 SLRU buffers; 0 WAL file(s) added, 0 removed, 1 recycled; write=94.568 s, sync=0.016 s, total=94.602 s; sync files=43, longest=0.009 s, average=0.001 s; distance=7214 kB, estimate=7214 kB; lsn=0/3E2057A0, redo lsn=0/3E013478
postgres-1  | 2026-08-20 22:04:19.862 UTC [76] LOG:  checkpoint starting: time
postgres-1  | 2026-08-20 22:04:52.235 UTC [76] LOG:  checkpoint complete: wrote 324 buffers (2.0%), wrote 1 SLRU buffers; 0 WAL file(s) added, 0 removed, 0 recycled; write=32.348 s, sync=0.013 s, total=32.374 s; sync files=48, longest=0.009 s, average=0.001 s; distance=2803 kB, estimate=6773 kB; lsn=0/3E389D10, redo lsn=0/3E2D0390
postgres-1  | 2026-08-20 22:09:19.292 UTC [76] LOG:  checkpoint starting: time
postgres-1  | 2026-08-20 22:09:44.950 UTC [76] LOG:  checkpoint complete: wrote 256 buffers (1.6%), wrote 1 SLRU buffers; 0 WAL file(s) added, 0 removed, 0 recycled; write=25.641 s, sync=0.005 s, total=25.658 s; sync files=49, longest=0.002 s, average=0.001 s; distance=2014 kB, estimate=6297 kB; lsn=0/3E576278, redo lsn=0/3E4C7DB8
postgres-1  | 2026-08-20 22:14:20.040 UTC [76] LOG:  checkpoint starting: time
postgres-1  | 2026-08-20 22:14:38.623 UTC [76] LOG:  checkpoint complete: wrote 185 buffers (1.1%), wrote 1 SLRU buffers; 0 WAL file(s) added, 0 removed, 0 recycled; write=18.531 s, sync=0.036 s, total=18.583 s; sync files=46, longest=0.022 s, average=0.001 s; distance=1417 kB, estimate=5809 kB; lsn=0/3E6EB388, redo lsn=0/3E62A408
postgres-1  | 2026-08-20 22:19:20.713 UTC [76] LOG:  checkpoint starting: time
postgres-1  | 2026-08-20 22:19:43.171 UTC [76] LOG:  checkpoint complete: wrote 224 buffers (1.4%), wrote 1 SLRU buffers; 0 WAL file(s) added, 0 removed, 0 recycled; write=22.439 s, sync=0.007 s, total=22.458 s; sync files=44, longest=0.002 s, average=0.001 s; distance=1745 kB, estimate=5403 kB; lsn=0/3E8648F8, redo lsn=0/3E7DEA70
postgres-1  | 2026-08-20 22:24:20.270 UTC [76] LOG:  checkpoint starting: time
postgres-1  | 2026-08-20 22:24:40.630 UTC [76] LOG:  checkpoint complete: wrote 203 buffers (1.2%), wrote 1 SLRU buffers; 0 WAL file(s) added, 0 removed, 0 recycled; write=20.334 s, sync=0.014 s, total=20.360 s; sync files=44, longest=0.009 s, average=0.001 s; distance=1523 kB, estimate=5015 kB; lsn=0/3E9B88D0, redo lsn=0/3E95B898
postgres-1  | 2026-08-20 22:29:20.719 UTC [76] LOG:  checkpoint starting: time
postgres-1  | 2026-08-20 22:29:41.083 UTC [76] LOG:  checkpoint complete: wrote 203 buffers (1.2%), wrote 1 SLRU buffers; 0 WAL file(s) added, 0 removed, 0 recycled; write=20.332 s, sync=0.019 s, total=20.365 s; sync files=47, longest=0.009 s, average=0.001 s; distance=1411 kB, estimate=4655 kB; lsn=0/3EB30400, redo lsn=0/3EABC7B8
postgres-1  | 2026-08-20 22:34:20.159 UTC [76] LOG:  checkpoint starting: time
postgres-1  | 2026-08-20 22:34:38.426 UTC [76] LOG:  checkpoint complete: wrote 182 buffers (1.1%), wrote 1 SLRU buffers; 0 WAL file(s) added, 0 removed, 0 recycled; write=18.228 s, sync=0.013 s, total=18.268 s; sync files=38, longest=0.009 s, average=0.001 s; distance=1267 kB, estimate=4316 kB; lsn=0/3EC82430, redo lsn=0/3EBF95E8
postgres-1  | 2026-08-20 22:39:20.522 UTC [76] LOG:  checkpoint starting: time
postgres-1  | 2026-08-20 22:39:38.779 UTC [76] LOG:  checkpoint complete: wrote 182 buffers (1.1%), wrote 1 SLRU buffers; 0 WAL file(s) added, 0 removed, 0 recycled; write=18.231 s, sync=0.013 s, total=18.257 s; sync files=45, longest=0.009 s, average=0.001 s; distance=1266 kB, estimate=4011 kB; lsn=0/3ED3E998, redo lsn=0/3ED35FF8
postgres-1  | 2026-08-20 22:44:20.876 UTC [76] LOG:  checkpoint starting: time
postgres-1  | 2026-08-20 22:44:37.131 UTC [76] LOG:  checkpoint complete: wrote 162 buffers (1.0%), wrote 1 SLRU buffers; 0 WAL file(s) added, 0 removed, 0 recycled; write=16.230 s, sync=0.012 s, total=16.255 s; sync files=38, longest=0.009 s, average=0.001 s; distance=1129 kB, estimate=3723 kB; lsn=0/3EEA9600, redo lsn=0/3EE50538
postgres-1  | 2026-08-20 22:49:20.188 UTC [76] LOG:  checkpoint starting: time
postgres-1  | 2026-08-20 22:50:19.120 UTC [76] LOG:  checkpoint complete: wrote 588 buffers (3.6%), wrote 1 SLRU buffers; 0 WAL file(s) added, 0 removed, 1 recycled; write=58.905 s, sync=0.013 s, total=58.933 s; sync files=46, longest=0.009 s, average=0.001 s; distance=3992 kB, estimate=3992 kB; lsn=0/3F2ABCB0, redo lsn=0/3F236540
postgres-1  | 2026-08-20 22:54:20.220 UTC [76] LOG:  checkpoint starting: time
postgres-1  | 2026-08-20 22:54:30.770 UTC [76] LOG:  checkpoint complete: wrote 105 buffers (0.6%), wrote 1 SLRU buffers; 0 WAL file(s) added, 0 removed, 0 recycled; write=10.518 s, sync=0.014 s, total=10.551 s; sync files=36, longest=0.009 s, average=0.001 s; distance=718 kB, estimate=3664 kB; lsn=0/3F2F1840, redo lsn=0/3F2E9DE8
postgres-1  | 2026-08-20 22:59:20.852 UTC [76] LOG:  checkpoint starting: time
postgres-1  | 2026-08-20 22:59:29.501 UTC [76] LOG:  checkpoint complete: wrote 86 buffers (0.5%), wrote 1 SLRU buffers; 0 WAL file(s) added, 0 removed, 0 recycled; write=8.615 s, sync=0.020 s, total=8.650 s; sync files=35, longest=0.010 s, average=0.001 s; distance=565 kB, estimate=3354 kB; lsn=0/3F381AC8, redo lsn=0/3F3775D0
postgres-1  | 2026-08-20 23:04:20.596 UTC [76] LOG:  checkpoint starting: time
postgres-1  | 2026-08-20 23:04:28.441 UTC [76] LOG:  checkpoint complete: wrote 78 buffers (0.5%), wrote 1 SLRU buffers; 0 WAL file(s) added, 0 removed, 0 recycled; write=7.814 s, sync=0.018 s, total=7.845 s; sync files=36, longest=0.009 s, average=0.001 s; distance=504 kB, estimate=3069 kB; lsn=0/3F44BBD0, redo lsn=0/3F3F57F8
postgres-1  | 2026-08-20 23:09:20.530 UTC [76] LOG:  checkpoint starting: time
postgres-1  | 2026-08-20 23:09:29.171 UTC [76] LOG:  checkpoint complete: wrote 86 buffers (0.5%), wrote 1 SLRU buffers; 0 WAL file(s) added, 0 removed, 0 recycled; write=8.615 s, sync=0.013 s, total=8.641 s; sync files=42, longest=0.009 s, average=0.001 s; distance=536 kB, estimate=2816 kB; lsn=0/3F4A2700, redo lsn=0/3F47B820
postgres-1  | 2026-08-20 23:14:20.225 UTC [76] LOG:  checkpoint starting: time
postgres-1  | 2026-08-20 23:14:27.256 UTC [76] LOG:  checkpoint complete: wrote 70 buffers (0.4%), wrote 1 SLRU buffers; 0 WAL file(s) added, 0 removed, 0 recycled; write=7.015 s, sync=0.004 s, total=7.032 s; sync files=38, longest=0.002 s, average=0.001 s; distance=411 kB, estimate=2575 kB; lsn=0/3F4E45E8, redo lsn=0/3F4E25C8
postgres-1  | 2026-08-20 23:19:20.352 UTC [76] LOG:  checkpoint starting: time
postgres-1  | 2026-08-20 23:19:25.490 UTC [76] LOG:  checkpoint complete: wrote 51 buffers (0.3%), wrote 1 SLRU buffers; 0 WAL file(s) added, 0 removed, 0 recycled; write=5.110 s, sync=0.004 s, total=5.139 s; sync files=31, longest=0.002 s, average=0.001 s; distance=300 kB, estimate=2348 kB; lsn=0/3F52D9B8, redo lsn=0/3F52D960
postgres-1  | 2026-08-20 23:24:20.580 UTC [76] LOG:  checkpoint starting: time
postgres-1  | 2026-08-20 23:24:28.619 UTC [76] LOG:  checkpoint complete: wrote 80 buffers (0.5%), wrote 1 SLRU buffers; 0 WAL file(s) added, 0 removed, 0 recycled; write=8.014 s, sync=0.013 s, total=8.040 s; sync files=39, longest=0.012 s, average=0.001 s; distance=486 kB, estimate=2162 kB; lsn=0/3F5AF320, redo lsn=0/3F5A71F8
postgres-1  | 2026-08-20 23:29:20.695 UTC [76] LOG:  checkpoint starting: time
postgres-1  | 2026-08-20 23:29:24.928 UTC [76] LOG:  checkpoint complete: wrote 42 buffers (0.3%), wrote 1 SLRU buffers; 0 WAL file(s) added, 0 removed, 0 recycled; write=4.209 s, sync=0.013 s, total=4.234 s; sync files=32, longest=0.009 s, average=0.001 s; distance=257 kB, estimate=1971 kB; lsn=0/3F5E7808, redo lsn=0/3F5E77B0
postgres-1  | 2026-08-20 23:34:21.025 UTC [76] LOG:  checkpoint starting: time
postgres-1  | 2026-08-20 23:34:29.981 UTC [76] LOG:  checkpoint complete: wrote 89 buffers (0.5%), wrote 1 SLRU buffers; 0 WAL file(s) added, 0 removed, 0 recycled; write=8.915 s, sync=0.012 s, total=8.956 s; sync files=34, longest=0.010 s, average=0.001 s; distance=571 kB, estimate=1831 kB; lsn=0/3F684408, redo lsn=0/3F676500
postgres-1  | 2026-08-20 23:39:22.067 UTC [76] LOG:  checkpoint starting: time
postgres-1  | 2026-08-20 23:39:25.018 UTC [76] LOG:  checkpoint complete: wrote 29 buffers (0.2%), wrote 1 SLRU buffers; 0 WAL file(s) added, 0 removed, 0 recycled; write=2.906 s, sync=0.012 s, total=2.952 s; sync files=19, longest=0.011 s, average=0.001 s; distance=150 kB, estimate=1663 kB; lsn=0/3F69C188, redo lsn=0/3F69C0F8
postgres-1  | 2026-08-20 23:44:22.114 UTC [76] LOG:  checkpoint starting: time
postgres-1  | 2026-08-20 23:44:24.148 UTC [76] LOG:  checkpoint complete: wrote 20 buffers (0.1%), wrote 1 SLRU buffers; 0 WAL file(s) added, 0 removed, 0 recycled; write=2.005 s, sync=0.012 s, total=2.034 s; sync files=16, longest=0.011 s, average=0.001 s; distance=110 kB, estimate=1508 kB; lsn=0/3F6B7D00, redo lsn=0/3F6B7CA8
postgres-1  | 2026-08-20 23:49:22.197 UTC [76] LOG:  checkpoint starting: time
postgres-1  | 2026-08-20 23:49:24.231 UTC [76] LOG:  checkpoint complete: wrote 20 buffers (0.1%), wrote 1 SLRU buffers; 0 WAL file(s) added, 0 removed, 0 recycled; write=2.008 s, sync=0.014 s, total=2.034 s; sync files=16, longest=0.014 s, average=0.001 s; distance=121 kB, estimate=1369 kB; lsn=0/3F6D6440, redo lsn=0/3F6D63E8
postgres-1  | 2026-08-20 23:54:22.308 UTC [76] LOG:  checkpoint starting: time
postgres-1  | 2026-08-20 23:54:25.536 UTC [76] LOG:  checkpoint complete: wrote 32 buffers (0.2%), wrote 1 SLRU buffers; 0 WAL file(s) added, 0 removed, 0 recycled; write=3.207 s, sync=0.010 s, total=3.229 s; sync files=17, longest=0.005 s, average=0.001 s; distance=159 kB, estimate=1248 kB; lsn=0/3F6FE400, redo lsn=0/3F6FE3A8
postgres-1  | 2026-08-20 23:59:22.617 UTC [76] LOG:  checkpoint starting: time
postgres-1  | 2026-08-20 23:59:25.054 UTC [76] LOG:  checkpoint complete: wrote 24 buffers (0.1%), wrote 1 SLRU buffers; 0 WAL file(s) added, 0 removed, 0 recycled; write=2.406 s, sync=0.016 s, total=2.438 s; sync files=16, longest=0.009 s, average=0.001 s; distance=117 kB, estimate=1135 kB; lsn=0/3F71BA08, redo lsn=0/3F71B9B0
postgres-1  | 2026-08-21 00:04:22.127 UTC [76] LOG:  checkpoint starting: time
postgres-1  | 2026-08-21 00:04:25.864 UTC [76] LOG:  checkpoint complete: wrote 37 buffers (0.2%), wrote 1 SLRU buffers; 0 WAL file(s) added, 0 removed, 0 recycled; write=3.708 s, sync=0.017 s, total=3.737 s; sync files=27, longest=0.009 s, average=0.001 s; distance=121 kB, estimate=1034 kB; lsn=0/3F73A1A0, redo lsn=0/3F73A148
postgres-1  | 2026-08-21 00:09:22.957 UTC [76] LOG:  checkpoint starting: time
postgres-1  | 2026-08-21 00:09:24.686 UTC [76] LOG:  checkpoint complete: wrote 17 buffers (0.1%), wrote 1 SLRU buffers; 0 WAL file(s) added, 0 removed, 0 recycled; write=1.704 s, sync=0.012 s, total=1.729 s; sync files=16, longest=0.010 s, average=0.001 s; distance=67 kB, estimate=937 kB; lsn=0/3F74B090, redo lsn=0/3F74B038
postgres-1  | 2026-08-21 00:14:22.737 UTC [76] LOG:  checkpoint starting: time
postgres-1  | 2026-08-21 00:14:25.082 UTC [76] LOG:  checkpoint complete: wrote 23 buffers (0.1%), wrote 1 SLRU buffers; 0 WAL file(s) added, 0 removed, 0 recycled; write=2.307 s, sync=0.025 s, total=2.345 s; sync files=21, longest=0.018 s, average=0.002 s; distance=107 kB, estimate=854 kB; lsn=0/3F765E88, redo lsn=0/3F765E30
postgres-1  | 2026-08-21 00:19:22.159 UTC [76] LOG:  checkpoint starting: time
postgres-1  | 2026-08-21 00:19:24.187 UTC [76] LOG:  checkpoint complete: wrote 20 buffers (0.1%), wrote 1 SLRU buffers; 0 WAL file(s) added, 0 removed, 0 recycled; write=2.005 s, sync=0.011 s, total=2.028 s; sync files=16, longest=0.010 s, average=0.001 s; distance=87 kB, estimate=777 kB; lsn=0/3F77BE78, redo lsn=0/3F77BE20
postgres-1  | 2026-08-21 00:24:22.245 UTC [76] LOG:  checkpoint starting: time
postgres-1  | 2026-08-21 00:24:29.602 UTC [76] LOG:  checkpoint complete: wrote 73 buffers (0.4%), wrote 1 SLRU buffers; 0 WAL file(s) added, 0 removed, 0 recycled; write=7.319 s, sync=0.022 s, total=7.358 s; sync files=45, longest=0.019 s, average=0.001 s; distance=383 kB, estimate=738 kB; lsn=0/3F806D40, redo lsn=0/3F7DBA60
postgres-1  | 2026-08-21 00:29:22.650 UTC [76] LOG:  checkpoint starting: time
postgres-1  | 2026-08-21 00:29:27.001 UTC [76] LOG:  checkpoint complete: wrote 43 buffers (0.3%), wrote 1 SLRU buffers; 0 WAL file(s) added, 0 removed, 0 recycled; write=4.309 s, sync=0.016 s, total=4.351 s; sync files=32, longest=0.010 s, average=0.001 s; distance=241 kB, estimate=688 kB; lsn=0/3F817F38, redo lsn=0/3F817EE0
postgres-1  | 2026-08-21 00:34:23.100 UTC [76] LOG:  checkpoint starting: time
postgres-1  | 2026-08-21 00:34:31.241 UTC [76] LOG:  checkpoint complete: wrote 81 buffers (0.5%), wrote 1 SLRU buffers; 0 WAL file(s) added, 0 removed, 0 recycled; write=8.116 s, sync=0.013 s, total=8.142 s; sync files=43, longest=0.010 s, average=0.001 s; distance=500 kB, estimate=669 kB; lsn=0/3F895078, redo lsn=0/3F895020
postgres-1  | 2026-08-21 00:39:23.320 UTC [76] LOG:  checkpoint starting: time
postgres-1  | 2026-08-21 00:39:27.971 UTC [76] LOG:  checkpoint complete: wrote 46 buffers (0.3%), wrote 1 SLRU buffers; 0 WAL file(s) added, 0 removed, 0 recycled; write=4.608 s, sync=0.030 s, total=4.651 s; sync files=24, longest=0.016 s, average=0.002 s; distance=274 kB, estimate=630 kB; lsn=0/3F8D9C48, redo lsn=0/3F8D9BF0
postgres-1  | 2026-08-21 00:44:24.070 UTC [76] LOG:  checkpoint starting: time
postgres-1  | 2026-08-21 00:44:28.903 UTC [76] LOG:  checkpoint complete: wrote 48 buffers (0.3%), wrote 1 SLRU buffers; 0 WAL file(s) added, 0 removed, 0 recycled; write=4.809 s, sync=0.011 s, total=4.834 s; sync files=32, longest=0.010 s, average=0.001 s; distance=250 kB, estimate=592 kB; lsn=0/3F918708, redo lsn=0/3F918678
postgres-1  | 2026-08-21 00:49:24.979 UTC [76] LOG:  checkpoint starting: time
postgres-1  | 2026-08-21 00:49:27.026 UTC [76] LOG:  checkpoint complete: wrote 20 buffers (0.1%), wrote 1 SLRU buffers; 0 WAL file(s) added, 0 removed, 0 recycled; write=2.006 s, sync=0.012 s, total=2.047 s; sync files=16, longest=0.010 s, average=0.001 s; distance=109 kB, estimate=544 kB; lsn=0/3F933CD8, redo lsn=0/3F933C80
postgres-1  | 2026-08-21 00:54:24.126 UTC [76] LOG:  checkpoint starting: time
postgres-1  | 2026-08-21 00:54:30.269 UTC [76] LOG:  checkpoint complete: wrote 61 buffers (0.4%), wrote 1 SLRU buffers; 0 WAL file(s) added, 0 removed, 0 recycled; write=6.111 s, sync=0.011 s, total=6.143 s; sync files=24, longest=0.010 s, average=0.001 s; distance=390 kB, estimate=528 kB; lsn=0/3F9955F0, redo lsn=0/3F995598
postgres-1  | 2026-08-21 00:59:24.354 UTC [76] LOG:  checkpoint starting: time
postgres-1  | 2026-08-21 00:59:26.297 UTC [76] LOG:  checkpoint complete: wrote 19 buffers (0.1%), wrote 1 SLRU buffers; 0 WAL file(s) added, 0 removed, 0 recycled; write=1.905 s, sync=0.011 s, total=1.944 s; sync files=17, longest=0.010 s, average=0.001 s; distance=99 kB, estimate=485 kB; lsn=0/3F9AE328, redo lsn=0/3F9AE2D0
postgres-1  | 2026-08-21 01:04:24.398 UTC [76] LOG:  checkpoint starting: time
postgres-1  | 2026-08-21 01:04:26.531 UTC [76] LOG:  checkpoint complete: wrote 21 buffers (0.1%), wrote 1 SLRU buffers; 0 WAL file(s) added, 0 removed, 0 recycled; write=2.106 s, sync=0.011 s, total=2.133 s; sync files=16, longest=0.010 s, average=0.001 s; distance=111 kB, estimate=448 kB; lsn=0/3F9CB4F8, redo lsn=0/3F9CA048
postgres-1  | 2026-08-21 01:09:24.630 UTC [76] LOG:  checkpoint starting: time
postgres-1  | 2026-08-21 01:09:28.469 UTC [76] LOG:  checkpoint complete: wrote 38 buffers (0.2%), wrote 1 SLRU buffers; 0 WAL file(s) added, 0 removed, 0 recycled; write=3.807 s, sync=0.019 s, total=3.839 s; sync files=24, longest=0.013 s, average=0.001 s; distance=204 kB, estimate=423 kB; lsn=0/3F9FD2F8, redo lsn=0/3F9FD2A0
postgres-1  | 2026-08-21 01:14:24.569 UTC [76] LOG:  checkpoint starting: time
postgres-1  | 2026-08-21 01:14:26.509 UTC [76] LOG:  checkpoint complete: wrote 19 buffers (0.1%), wrote 1 SLRU buffers; 0 WAL file(s) added, 0 removed, 0 recycled; write=1.905 s, sync=0.014 s, total=1.941 s; sync files=15, longest=0.013 s, average=0.001 s; distance=92 kB, estimate=390 kB; lsn=0/3FA14328, redo lsn=0/3FA142D0
postgres-1  | 2026-08-21 01:19:24.601 UTC [76] LOG:  checkpoint starting: time
postgres-1  | 2026-08-21 01:19:26.438 UTC [76] LOG:  checkpoint complete: wrote 18 buffers (0.1%), wrote 1 SLRU buffers; 0 WAL file(s) added, 0 removed, 0 recycled; write=1.805 s, sync=0.015 s, total=1.837 s; sync files=16, longest=0.010 s, average=0.001 s; distance=105 kB, estimate=362 kB; lsn=0/3FA2E990, redo lsn=0/3FA2E938
postgres-1  | 2026-08-21 01:24:24.533 UTC [76] LOG:  checkpoint starting: time
postgres-1  | 2026-08-21 01:24:27.081 UTC [76] LOG:  checkpoint complete: wrote 25 buffers (0.2%), wrote 1 SLRU buffers; 0 WAL file(s) added, 0 removed, 0 recycled; write=2.506 s, sync=0.031 s, total=2.549 s; sync files=19, longest=0.021 s, average=0.002 s; distance=142 kB, estimate=340 kB; lsn=0/3FA52470, redo lsn=0/3FA52418
postgres-1  | 2026-08-21 01:29:24.119 UTC [76] LOG:  checkpoint starting: time
postgres-1  | 2026-08-21 01:29:31.069 UTC [76] LOG:  checkpoint complete: wrote 69 buffers (0.4%), wrote 1 SLRU buffers; 0 WAL file(s) added, 0 removed, 0 recycled; write=6.912 s, sync=0.011 s, total=6.950 s; sync files=24, longest=0.009 s, average=0.001 s; distance=381 kB, estimate=381 kB; lsn=0/3FAB19E0, redo lsn=0/3FAB1988
postgres-1  | 2026-08-21 01:34:24.162 UTC [76] LOG:  checkpoint starting: time
postgres-1  | 2026-08-21 01:34:29.514 UTC [76] LOG:  checkpoint complete: wrote 53 buffers (0.3%), wrote 1 SLRU buffers; 0 WAL file(s) added, 0 removed, 0 recycled; write=5.312 s, sync=0.012 s, total=5.352 s; sync files=24, longest=0.009 s, average=0.001 s; distance=301 kB, estimate=373 kB; lsn=0/3FAFD168, redo lsn=0/3FAFD110
postgres-1  | 2026-08-21 01:39:24.614 UTC [76] LOG:  checkpoint starting: time
postgres-1  | 2026-08-21 01:39:26.752 UTC [76] LOG:  checkpoint complete: wrote 21 buffers (0.1%), wrote 1 SLRU buffers; 0 WAL file(s) added, 0 removed, 0 recycled; write=2.105 s, sync=0.020 s, total=2.138 s; sync files=16, longest=0.009 s, average=0.002 s; distance=104 kB, estimate=346 kB; lsn=0/3FB17390, redo lsn=0/3FB17338
postgres-1  | 2026-08-21 01:44:24.848 UTC [76] LOG:  checkpoint starting: time
postgres-1  | 2026-08-21 01:44:28.070 UTC [76] LOG:  checkpoint complete: wrote 32 buffers (0.2%), wrote 1 SLRU buffers; 0 WAL file(s) added, 0 removed, 0 recycled; write=3.207 s, sync=0.003 s, total=3.223 s; sync files=22, longest=0.002 s, average=0.001 s; distance=172 kB, estimate=329 kB; lsn=0/3FB42768, redo lsn=0/3FB426D8
postgres-1  | 2026-08-21 01:49:24.169 UTC [76] LOG:  checkpoint starting: time
postgres-1  | 2026-08-21 01:49:26.817 UTC [76] LOG:  checkpoint complete: wrote 26 buffers (0.2%), wrote 1 SLRU buffers; 0 WAL file(s) added, 0 removed, 0 recycled; write=2.606 s, sync=0.011 s, total=2.649 s; sync files=19, longest=0.010 s, average=0.001 s; distance=142 kB, estimate=310 kB; lsn=0/3FB661E8, redo lsn=0/3FB66190
postgres-1  | 2026-08-21 01:54:24.901 UTC [76] LOG:  checkpoint starting: time
postgres-1  | 2026-08-21 01:54:27.146 UTC [76] LOG:  checkpoint complete: wrote 22 buffers (0.1%), wrote 1 SLRU buffers; 0 WAL file(s) added, 0 removed, 0 recycled; write=2.206 s, sync=0.027 s, total=2.246 s; sync files=16, longest=0.016 s, average=0.002 s; distance=110 kB, estimate=290 kB; lsn=0/3FB81A98, redo lsn=0/3FB81A40
postgres-1  | 2026-08-21 01:59:24.240 UTC [76] LOG:  checkpoint starting: time
postgres-1  | 2026-08-21 01:59:26.212 UTC [76] LOG:  checkpoint complete: wrote 19 buffers (0.1%), wrote 1 SLRU buffers; 0 WAL file(s) added, 0 removed, 0 recycled; write=1.929 s, sync=0.029 s, total=1.972 s; sync files=16, longest=0.012 s, average=0.002 s; distance=99 kB, estimate=271 kB; lsn=0/3FB9A938, redo lsn=0/3FB9A8E0
postgres-1  | 2026-08-21 02:04:24.253 UTC [76] LOG:  checkpoint starting: time
postgres-1  | 2026-08-21 02:04:26.195 UTC [76] LOG:  checkpoint complete: wrote 19 buffers (0.1%), wrote 1 SLRU buffers; 0 WAL file(s) added, 0 removed, 0 recycled; write=1.905 s, sync=0.011 s, total=1.943 s; sync files=15, longest=0.010 s, average=0.001 s; distance=104 kB, estimate=254 kB; lsn=0/3FBB4B50, redo lsn=0/3FBB4AF8
postgres-1  | 2026-08-21 02:09:24.222 UTC [76] LOG:  checkpoint starting: time
postgres-1  | 2026-08-21 02:09:27.853 UTC [76] LOG:  checkpoint complete: wrote 36 buffers (0.2%), wrote 2 SLRU buffers; 0 WAL file(s) added, 0 removed, 0 recycled; write=3.608 s, sync=0.011 s, total=3.631 s; sync files=23, longest=0.009 s, average=0.001 s; distance=208 kB, estimate=250 kB; lsn=0/3FBE8CB8, redo lsn=0/3FBE8C60
postgres-1  | 2026-08-21 02:14:24.951 UTC [76] LOG:  checkpoint starting: time
postgres-1  | 2026-08-21 02:14:28.022 UTC [76] LOG:  checkpoint complete: wrote 30 buffers (0.2%), wrote 1 SLRU buffers; 0 WAL file(s) added, 0 removed, 0 recycled; write=3.006 s, sync=0.024 s, total=3.071 s; sync files=20, longest=0.010 s, average=0.002 s; distance=148 kB, estimate=239 kB; lsn=0/3FC0E068, redo lsn=0/3FC0DFF8
postgres-1  | 2026-08-21 02:19:24.095 UTC [76] LOG:  checkpoint starting: time
postgres-1  | 2026-08-21 02:19:25.937 UTC [76] LOG:  checkpoint complete: wrote 18 buffers (0.1%), wrote 1 SLRU buffers; 0 WAL file(s) added, 0 removed, 0 recycled; write=1.805 s, sync=0.013 s, total=1.843 s; sync files=16, longest=0.010 s, average=0.001 s; distance=102 kB, estimate=226 kB; lsn=0/3FC27BB8, redo lsn=0/3FC27B60
postgres-1  | 2026-08-21 02:24:25.037 UTC [76] LOG:  checkpoint starting: time
postgres-1  | 2026-08-21 02:24:29.685 UTC [76] LOG:  checkpoint complete: wrote 46 buffers (0.3%), wrote 1 SLRU buffers; 0 WAL file(s) added, 0 removed, 0 recycled; write=4.609 s, sync=0.012 s, total=4.648 s; sync files=38, longest=0.010 s, average=0.001 s; distance=232 kB, estimate=232 kB; lsn=0/3FC61F28, redo lsn=0/3FC61ED0
postgres-1  | 2026-08-21 02:29:25.777 UTC [76] LOG:  checkpoint starting: time
postgres-1  | 2026-08-21 02:29:35.922 UTC [76] LOG:  checkpoint complete: wrote 101 buffers (0.6%), wrote 1 SLRU buffers; 0 WAL file(s) added, 0 removed, 0 recycled; write=10.121 s, sync=0.011 s, total=10.145 s; sync files=47, longest=0.009 s, average=0.001 s; distance=617 kB, estimate=617 kB; lsn=0/3FCFCE60, redo lsn=0/3FCFC500
postgres-1  | 2026-08-21 02:34:26.009 UTC [76] LOG:  checkpoint starting: time
postgres-1  | 2026-08-21 02:34:30.546 UTC [76] LOG:  checkpoint complete: wrote 45 buffers (0.3%), wrote 1 SLRU buffers; 0 WAL file(s) added, 0 removed, 0 recycled; write=4.508 s, sync=0.011 s, total=4.538 s; sync files=36, longest=0.010 s, average=0.001 s; distance=263 kB, estimate=582 kB; lsn=0/3FD3E190, redo lsn=0/3FD3E100
postgres-1  | 2026-08-21 02:39:26.620 UTC [76] LOG:  checkpoint starting: time
postgres-1  | 2026-08-21 02:39:32.796 UTC [76] LOG:  checkpoint complete: wrote 61 buffers (0.4%), wrote 1 SLRU buffers; 0 WAL file(s) added, 0 removed, 0 recycled; write=6.114 s, sync=0.030 s, total=6.176 s; sync files=39, longest=0.019 s, average=0.001 s; distance=371 kB, estimate=561 kB; lsn=0/3FD9AF08, redo lsn=0/3FD9AE78
postgres-1  | 2026-08-21 02:44:26.847 UTC [76] LOG:  checkpoint starting: time
postgres-1  | 2026-08-21 02:44:40.596 UTC [76] LOG:  checkpoint complete: wrote 137 buffers (0.8%), wrote 1 SLRU buffers; 0 WAL file(s) added, 0 removed, 0 recycled; write=13.723 s, sync=0.013 s, total=13.749 s; sync files=48, longest=0.010 s, average=0.001 s; distance=884 kB, estimate=884 kB; lsn=0/3FE77FD8, redo lsn=0/3FE77F80
postgres-1  | 2026-08-21 02:49:26.674 UTC [76] LOG:  checkpoint starting: time
postgres-1  | 2026-08-21 02:49:35.531 UTC [76] LOG:  checkpoint complete: wrote 88 buffers (0.5%), wrote 1 SLRU buffers; 0 WAL file(s) added, 0 removed, 0 recycled; write=8.815 s, sync=0.030 s, total=8.857 s; sync files=45, longest=0.028 s, average=0.001 s; distance=608 kB, estimate=856 kB; lsn=0/3FF102F0, redo lsn=0/3FF10260
postgres-1  | 2026-08-21 02:54:26.581 UTC [76] LOG:  checkpoint starting: time
postgres-1  | 2026-08-21 02:54:39.945 UTC [76] LOG:  checkpoint complete: wrote 133 buffers (0.8%), wrote 1 SLRU buffers; 0 WAL file(s) added, 0 removed, 1 recycled; write=13.327 s, sync=0.024 s, total=13.365 s; sync files=44, longest=0.012 s, average=0.001 s; distance=963 kB, estimate=963 kB; lsn=0/40000FA8, redo lsn=0/40000F50
postgres-1  | 2026-08-21 02:59:27.005 UTC [76] LOG:  checkpoint starting: time
postgres-1  | 2026-08-21 02:59:45.163 UTC [76] LOG:  checkpoint complete: wrote 181 buffers (1.1%), wrote 1 SLRU buffers; 0 WAL file(s) added, 0 removed, 0 recycled; write=18.128 s, sync=0.014 s, total=18.158 s; sync files=47, longest=0.009 s, average=0.001 s; distance=1344 kB, estimate=1344 kB; lsn=0/401510E0, redo lsn=0/40151050
postgres-1  | 2026-08-21 03:04:27.236 UTC [76] LOG:  checkpoint starting: time
postgres-1  | 2026-08-21 03:04:40.074 UTC [76] LOG:  checkpoint complete: wrote 128 buffers (0.8%), wrote 1 SLRU buffers; 0 WAL file(s) added, 0 removed, 0 recycled; write=12.820 s, sync=0.006 s, total=12.838 s; sync files=46, longest=0.002 s, average=0.001 s; distance=976 kB, estimate=1307 kB; lsn=0/40245260, redo lsn=0/402451D0
postgres-1  | 2026-08-21 03:09:27.173 UTC [76] LOG:  checkpoint starting: time
postgres-1  | 2026-08-21 03:09:41.937 UTC [76] LOG:  checkpoint complete: wrote 147 buffers (0.9%), wrote 1 SLRU buffers; 0 WAL file(s) added, 0 removed, 0 recycled; write=14.723 s, sync=0.025 s, total=14.764 s; sync files=49, longest=0.013 s, average=0.001 s; distance=1123 kB, estimate=1289 kB; lsn=0/4035DFB0, redo lsn=0/4035DF20
postgres-1  | 2026-08-21 03:14:28.033 UTC [76] LOG:  checkpoint starting: time
postgres-1  | 2026-08-21 03:14:45.710 UTC [76] LOG:  checkpoint complete: wrote 176 buffers (1.1%), wrote 1 SLRU buffers; 0 WAL file(s) added, 0 removed, 0 recycled; write=17.630 s, sync=0.019 s, total=17.677 s; sync files=48, longest=0.009 s, average=0.001 s; distance=1369 kB, estimate=1369 kB; lsn=0/404B4470, redo lsn=0/404B43E0
postgres-1  | 2026-08-21 03:19:28.711 UTC [76] LOG:  checkpoint starting: time
postgres-1  | 2026-08-21 03:20:45.786 UTC [76] LOG:  checkpoint complete: wrote 771 buffers (4.7%), wrote 1 SLRU buffers; 0 WAL file(s) added, 0 removed, 0 recycled; write=77.046 s, sync=0.013 s, total=77.075 s; sync files=51, longest=0.009 s, average=0.001 s; distance=5545 kB, estimate=5545 kB; lsn=0/40B53928, redo lsn=0/40A1E948
postgres-1  | 2026-08-21 03:24:28.873 UTC [76] LOG:  checkpoint starting: time
postgres-1  | 2026-08-21 03:24:55.460 UTC [76] LOG:  checkpoint complete: wrote 265 buffers (1.6%), wrote 1 SLRU buffers; 0 WAL file(s) added, 0 removed, 0 recycled; write=26.554 s, sync=0.022 s, total=26.588 s; sync files=49, longest=0.009 s, average=0.001 s; distance=2175 kB, estimate=5208 kB; lsn=0/40CEB030, redo lsn=0/40C3E6B8
postgres-1  | 2026-08-21 03:29:28.548 UTC [76] LOG:  checkpoint starting: time
postgres-1  | 2026-08-21 03:29:55.034 UTC [76] LOG:  checkpoint complete: wrote 264 buffers (1.6%), wrote 1 SLRU buffers; 0 WAL file(s) added, 0 removed, 0 recycled; write=26.452 s, sync=0.012 s, total=26.486 s; sync files=50, longest=0.009 s, average=0.001 s; distance=2135 kB, estimate=4901 kB; lsn=0/40F371E0, redo lsn=0/40E545F8
postgres-1  | 2026-08-21 03:34:28.127 UTC [76] LOG:  checkpoint starting: time
postgres-1  | 2026-08-21 03:34:58.612 UTC [76] LOG:  checkpoint complete: wrote 304 buffers (1.9%), wrote 1 SLRU buffers; 0 WAL file(s) added, 0 removed, 1 recycled; write=30.460 s, sync=0.014 s, total=30.486 s; sync files=53, longest=0.009 s, average=0.001 s; distance=2475 kB, estimate=4658 kB; lsn=0/411D4420, redo lsn=0/410BF3C0
postgres-1  | 2026-08-21 03:39:28.686 UTC [76] LOG:  checkpoint starting: time
postgres-1  | 2026-08-21 03:40:08.896 UTC [76] LOG:  checkpoint complete: wrote 402 buffers (2.5%), wrote 1 SLRU buffers; 0 WAL file(s) added, 0 removed, 0 recycled; write=40.177 s, sync=0.012 s, total=40.210 s; sync files=52, longest=0.009 s, average=0.001 s; distance=3283 kB, estimate=4521 kB; lsn=0/4153E640, redo lsn=0/413F4118
postgres-1  | 2026-08-21 03:44:28.994 UTC [76] LOG:  checkpoint starting: time
postgres-1  | 2026-08-21 03:45:01.399 UTC [76] LOG:  checkpoint complete: wrote 324 buffers (2.0%), wrote 1 SLRU buffers; 0 WAL file(s) added, 0 removed, 0 recycled; write=32.375 s, sync=0.012 s, total=32.406 s; sync files=54, longest=0.009 s, average=0.001 s; distance=2696 kB, estimate=4338 kB; lsn=0/417A5CE8, redo lsn=0/41696450
postgres-1  | 2026-08-21 03:49:28.482 UTC [76] LOG:  checkpoint starting: time
postgres-1  | 2026-08-21 03:50:03.071 UTC [76] LOG:  checkpoint complete: wrote 345 buffers (2.1%), wrote 1 SLRU buffers; 0 WAL file(s) added, 0 removed, 0 recycled; write=34.563 s, sync=0.013 s, total=34.589 s; sync files=53, longest=0.009 s, average=0.001 s; distance=2913 kB, estimate=4196 kB; lsn=0/41AB13C0, redo lsn=0/4196EBA8
postgres-1  | 2026-08-21 03:54:28.168 UTC [76] LOG:  checkpoint starting: time
postgres-1  | 2026-08-21 03:55:15.276 UTC [76] LOG:  checkpoint complete: wrote 470 buffers (2.9%), wrote 1 SLRU buffers; 0 WAL file(s) added, 0 removed, 0 recycled; write=47.080 s, sync=0.013 s, total=47.108 s; sync files=53, longest=0.009 s, average=0.001 s; distance=4006 kB, estimate=4177 kB; lsn=0/41ECA2C8, redo lsn=0/41D585C0
postgres-1  | 2026-08-21 03:59:28.356 UTC [76] LOG:  checkpoint starting: time
postgres-1  | 2026-08-21 04:00:07.358 UTC [76] LOG:  checkpoint complete: wrote 389 buffers (2.4%), wrote 1 SLRU buffers; 0 WAL file(s) added, 0 removed, 1 recycled; write=38.973 s, sync=0.003 s, total=39.003 s; sync files=55, longest=0.001 s, average=0.001 s; distance=3310 kB, estimate=4090 kB; lsn=0/420A75F0, redo lsn=0/42094148
postgres-1  | 2026-08-21 04:04:28.455 UTC [76] LOG:  checkpoint starting: time
postgres-1  | 2026-08-21 04:05:08.158 UTC [76] LOG:  checkpoint complete: wrote 396 buffers (2.4%), wrote 1 SLRU buffers; 0 WAL file(s) added, 0 removed, 0 recycled; write=39.671 s, sync=0.015 s, total=39.703 s; sync files=54, longest=0.009 s, average=0.001 s; distance=3374 kB, estimate=4018 kB; lsn=0/42582DB8, redo lsn=0/423DFA40
postgres-1  | 2026-08-21 04:09:28.254 UTC [76] LOG:  checkpoint starting: time
postgres-1  | 2026-08-21 04:10:07.846 UTC [76] LOG:  checkpoint complete: wrote 395 buffers (2.4%), wrote 1 SLRU buffers; 0 WAL file(s) added, 0 removed, 0 recycled; write=39.565 s, sync=0.013 s, total=39.592 s; sync files=54, longest=0.009 s, average=0.001 s; distance=3176 kB, estimate=3934 kB; lsn=0/4270B760, redo lsn=0/426F9BA8
postgres-1  | 2026-08-21 04:14:28.885 UTC [76] LOG:  checkpoint starting: time
postgres-1  | 2026-08-21 04:15:10.000 UTC [76] LOG:  checkpoint complete: wrote 411 buffers (2.5%), wrote 1 SLRU buffers; 0 WAL file(s) added, 0 removed, 0 recycled; write=41.081 s, sync=0.021 s, total=41.116 s; sync files=54, longest=0.009 s, average=0.001 s; distance=3577 kB, estimate=3898 kB; lsn=0/42BAC6C0, redo lsn=0/42A77FF0
postgres-1  | 2026-08-21 04:19:29.068 UTC [76] LOG:  checkpoint starting: time
postgres-1  | 2026-08-21 04:20:09.788 UTC [76] LOG:  checkpoint complete: wrote 406 buffers (2.5%), wrote 1 SLRU buffers; 0 WAL file(s) added, 0 removed, 0 recycled; write=40.679 s, sync=0.012 s, total=40.721 s; sync files=53, longest=0.009 s, average=0.001 s; distance=3288 kB, estimate=3837 kB; lsn=0/42F11D90, redo lsn=0/42DAE3A0
postgres-1  | 2026-08-21 04:24:29.886 UTC [76] LOG:  checkpoint starting: time
postgres-1  | 2026-08-21 04:25:16.199 UTC [76] LOG:  checkpoint complete: wrote 463 buffers (2.8%), wrote 1 SLRU buffers; 0 WAL file(s) added, 0 removed, 1 recycled; write=46.274 s, sync=0.019 s, total=46.313 s; sync files=59, longest=0.009 s, average=0.001 s; distance=3580 kB, estimate=3812 kB; lsn=0/432EE9C8, redo lsn=0/4312D450
postgres-1  | 2026-08-21 04:29:29.298 UTC [76] LOG:  checkpoint starting: time
postgres-1  | 2026-08-21 04:30:30.249 UTC [76] LOG:  checkpoint complete: wrote 608 buffers (3.7%), wrote 1 SLRU buffers; 0 WAL file(s) added, 0 removed, 0 recycled; write=60.914 s, sync=0.012 s, total=60.951 s; sync files=52, longest=0.005 s, average=0.001 s; distance=4992 kB, estimate=4992 kB; lsn=0/438B32C8, redo lsn=0/4360D5C0
postgres-1  | 2026-08-21 04:34:29.286 UTC [76] LOG:  checkpoint starting: time
postgres-1  | 2026-08-21 04:35:19.414 UTC [76] LOG:  checkpoint complete: wrote 500 buffers (3.1%), wrote 1 SLRU buffers; 0 WAL file(s) added, 0 removed, 0 recycled; write=50.085 s, sync=0.016 s, total=50.128 s; sync files=52, longest=0.009 s, average=0.001 s; distance=4069 kB, estimate=4900 kB; lsn=0/43C0F098, redo lsn=0/43A06B10
postgres-1  | 2026-08-21 04:39:29.514 UTC [76] LOG:  checkpoint starting: time
postgres-1  | 2026-08-21 04:40:17.736 UTC [76] LOG:  checkpoint complete: wrote 481 buffers (2.9%), wrote 1 SLRU buffers; 0 WAL file(s) added, 0 removed, 0 recycled; write=48.197 s, sync=0.013 s, total=48.222 s; sync files=58, longest=0.008 s, average=0.001 s; distance=3946 kB, estimate=4804 kB; lsn=0/4401D388, redo lsn=0/43DE1588
postgres-1  | 2026-08-21 04:44:29.826 UTC [76] LOG:  checkpoint starting: time
postgres-1  | 2026-08-21 04:45:19.034 UTC [76] LOG:  checkpoint complete: wrote 492 buffers (3.0%), wrote 1 SLRU buffers; 0 WAL file(s) added, 0 removed, 1 recycled; write=49.174 s, sync=0.016 s, total=49.208 s; sync files=56, longest=0.012 s, average=0.001 s; distance=4348 kB, estimate=4759 kB; lsn=0/443D3E60, redo lsn=0/442206F8
postgres-1  | 2026-08-21 04:49:29.131 UTC [76] LOG:  checkpoint starting: time
postgres-1  | 2026-08-21 04:50:24.986 UTC [76] LOG:  checkpoint complete: wrote 557 buffers (3.4%), wrote 1 SLRU buffers; 0 WAL file(s) added, 0 removed, 0 recycled; write=55.799 s, sync=0.022 s, total=55.855 s; sync files=57, longest=0.009 s, average=0.001 s; distance=4710 kB, estimate=4754 kB; lsn=0/44853C18, redo lsn=0/446BA0A0
postgres-1  | 2026-08-21 04:54:30.082 UTC [76] LOG:  checkpoint starting: time
postgres-1  | 2026-08-21 04:55:17.794 UTC [76] LOG:  checkpoint complete: wrote 476 buffers (2.9%), wrote 1 SLRU buffers; 0 WAL file(s) added, 0 removed, 0 recycled; write=47.688 s, sync=0.012 s, total=47.712 s; sync files=56, longest=0.009 s, average=0.001 s; distance=4014 kB, estimate=4680 kB; lsn=0/44ABE808, redo lsn=0/44AA5BC8
postgres-1  | 2026-08-21 04:59:30.872 UTC [76] LOG:  checkpoint starting: time
postgres-1  | 2026-08-21 05:00:31.428 UTC [76] LOG:  checkpoint complete: wrote 605 buffers (3.7%), wrote 1 SLRU buffers; 0 WAL file(s) added, 0 removed, 0 recycled; write=60.525 s, sync=0.020 s, total=60.557 s; sync files=57, longest=0.009 s, average=0.001 s; distance=4943 kB, estimate=4943 kB; lsn=0/451FD968, redo lsn=0/44F79A60
postgres-1  | 2026-08-21 05:04:30.453 UTC [76] LOG:  checkpoint starting: time
postgres-1  | 2026-08-21 05:05:29.186 UTC [76] LOG:  checkpoint complete: wrote 587 buffers (3.6%), wrote 1 SLRU buffers; 0 WAL file(s) added, 0 removed, 1 recycled; write=58.694 s, sync=0.024 s, total=58.733 s; sync files=52, longest=0.013 s, average=0.001 s; distance=5126 kB, estimate=5126 kB; lsn=0/456CA2F0, redo lsn=0/4547B380
postgres-1  | 2026-08-21 05:09:30.248 UTC [76] LOG:  checkpoint starting: time
postgres-1  | 2026-08-21 05:10:15.084 UTC [76] LOG:  checkpoint complete: wrote 447 buffers (2.7%), wrote 1 SLRU buffers; 0 WAL file(s) added, 0 removed, 0 recycled; write=44.793 s, sync=0.016 s, total=44.837 s; sync files=51, longest=0.009 s, average=0.001 s; distance=3787 kB, estimate=4992 kB; lsn=0/45A895B8, redo lsn=0/4582E020
postgres-1  | 2026-08-21 05:14:30.144 UTC [76] LOG:  checkpoint starting: time
postgres-1  | 2026-08-21 05:15:21.654 UTC [76] LOG:  checkpoint complete: wrote 514 buffers (3.1%), wrote 1 SLRU buffers; 0 WAL file(s) added, 0 removed, 0 recycled; write=51.480 s, sync=0.014 s, total=51.511 s; sync files=53, longest=0.009 s, average=0.001 s; distance=4385 kB, estimate=4931 kB; lsn=0/45ECCEB8, redo lsn=0/45C76558
postgres-1  | 2026-08-21 05:19:30.752 UTC [76] LOG:  checkpoint starting: time
postgres-1  | 2026-08-21 05:20:32.417 UTC [76] LOG:  checkpoint complete: wrote 616 buffers (3.8%), wrote 1 SLRU buffers; 0 WAL file(s) added, 0 removed, 1 recycled; write=61.627 s, sync=0.013 s, total=61.666 s; sync files=53, longest=0.009 s, average=0.001 s; distance=5250 kB, estimate=5250 kB; lsn=0/463C0518, redo lsn=0/46196D80
postgres-1  | 2026-08-21 05:24:30.504 UTC [76] LOG:  checkpoint starting: time
postgres-1  | 2026-08-21 05:25:20.727 UTC [76] LOG:  checkpoint complete: wrote 501 buffers (3.1%), wrote 1 SLRU buffers; 0 WAL file(s) added, 0 removed, 0 recycled; write=50.184 s, sync=0.017 s, total=50.223 s; sync files=51, longest=0.009 s, average=0.001 s; distance=4109 kB, estimate=5135 kB; lsn=0/467EAF90, redo lsn=0/4659A268
postgres-1  | 2026-08-21 05:29:30.826 UTC [76] LOG:  checkpoint starting: time
postgres-1  | 2026-08-21 05:30:22.668 UTC [76] LOG:  checkpoint complete: wrote 518 buffers (3.2%), wrote 1 SLRU buffers; 0 WAL file(s) added, 0 removed, 0 recycled; write=51.808 s, sync=0.014 s, total=51.842 s; sync files=50, longest=0.009 s, average=0.001 s; distance=4508 kB, estimate=5073 kB; lsn=0/46C3BA00, redo lsn=0/46A01560
postgres-1  | 2026-08-21 05:34:30.761 UTC [76] LOG:  checkpoint starting: time
postgres-1  | 2026-08-21 05:35:25.712 UTC [76] LOG:  checkpoint complete: wrote 549 buffers (3.4%), wrote 1 SLRU buffers; 0 WAL file(s) added, 0 removed, 0 recycled; write=54.903 s, sync=0.016 s, total=54.951 s; sync files=53, longest=0.009 s, average=0.001 s; distance=4518 kB, estimate=5017 kB; lsn=0/470E18F8, redo lsn=0/46E6AF50
postgres-1  | 2026-08-21 05:39:30.752 UTC [76] LOG:  checkpoint starting: time
postgres-1  | 2026-08-21 05:40:18.868 UTC [76] LOG:  checkpoint complete: wrote 481 buffers (2.9%), wrote 1 SLRU buffers; 0 WAL file(s) added, 0 removed, 1 recycled; write=48.090 s, sync=0.020 s, total=48.116 s; sync files=59, longest=0.008 s, average=0.001 s; distance=3966 kB, estimate=4912 kB; lsn=0/474C4520, redo lsn=0/4724AB00
postgres-1  | 2026-08-21 05:44:30.968 UTC [76] LOG:  checkpoint starting: time
postgres-1  | 2026-08-21 05:45:26.005 UTC [76] LOG:  checkpoint complete: wrote 551 buffers (3.4%), wrote 1 SLRU buffers; 0 WAL file(s) added, 0 removed, 0 recycled; write=55.006 s, sync=0.015 s, total=55.038 s; sync files=53, longest=0.009 s, average=0.001 s; distance=4921 kB, estimate=4921 kB; lsn=0/4797E708, redo lsn=0/47719060
postgres-1  | 2026-08-21 05:49:30.091 UTC [76] LOG:  checkpoint starting: time
postgres-1  | 2026-08-21 05:50:30.037 UTC [76] LOG:  checkpoint complete: wrote 598 buffers (3.6%), wrote 1 SLRU buffers; 0 WAL file(s) added, 0 removed, 0 recycled; write=59.906 s, sync=0.028 s, total=59.946 s; sync files=50, longest=0.016 s, average=0.001 s; distance=5256 kB, estimate=5256 kB; lsn=0/47EF9050, redo lsn=0/47C3B310
postgres-1  | 2026-08-21 05:54:30.130 UTC [76] LOG:  checkpoint starting: time
postgres-1  | 2026-08-21 05:55:23.480 UTC [76] LOG:  checkpoint complete: wrote 532 buffers (3.2%), wrote 1 SLRU buffers; 0 WAL file(s) added, 0 removed, 1 recycled; write=53.309 s, sync=0.014 s, total=53.350 s; sync files=51, longest=0.009 s, average=0.001 s; distance=4709 kB, estimate=5201 kB; lsn=0/48351410, redo lsn=0/480D4A88
postgres-1  | 2026-08-21 05:59:30.514 UTC [76] LOG:  checkpoint starting: time
postgres-1  | 2026-08-21 06:00:23.528 UTC [76] LOG:  checkpoint complete: wrote 530 buffers (3.2%), wrote 1 SLRU buffers; 0 WAL file(s) added, 0 removed, 0 recycled; write=52.994 s, sync=0.008 s, total=53.014 s; sync files=51, longest=0.002 s, average=0.001 s; distance=4704 kB, estimate=5152 kB; lsn=0/487C82F8, redo lsn=0/4856CBB8
postgres-1  | 2026-08-21 06:04:30.619 UTC [76] LOG:  checkpoint starting: time
postgres-1  | 2026-08-21 06:05:18.858 UTC [76] LOG:  checkpoint complete: wrote 482 buffers (2.9%), wrote 1 SLRU buffers; 0 WAL file(s) added, 0 removed, 0 recycled; write=48.186 s, sync=0.026 s, total=48.240 s; sync files=51, longest=0.009 s, average=0.001 s; distance=4162 kB, estimate=5053 kB; lsn=0/48BCC790, redo lsn=0/4897D4A8
postgres-1  | 2026-08-21 06:09:30.962 UTC [76] LOG:  checkpoint starting: time
postgres-1  | 2026-08-21 06:10:29.096 UTC [76] LOG:  checkpoint complete: wrote 582 buffers (3.6%), wrote 1 SLRU buffers; 0 WAL file(s) added, 0 removed, 0 recycled; write=58.105 s, sync=0.016 s, total=58.134 s; sync files=51, longest=0.009 s, average=0.001 s; distance=5004 kB, estimate=5048 kB; lsn=0/490E47E0, redo lsn=0/48E60608
postgres-1  | 2026-08-21 06:14:30.152 UTC [76] LOG:  checkpoint starting: time
postgres-1  | 2026-08-21 06:15:18.560 UTC [76] LOG:  checkpoint complete: wrote 483 buffers (2.9%), wrote 1 SLRU buffers; 0 WAL file(s) added, 0 removed, 1 recycled; write=48.383 s, sync=0.014 s, total=48.408 s; sync files=50, longest=0.008 s, average=0.001 s; distance=4276 kB, estimate=4971 kB; lsn=0/494D1BD0, redo lsn=0/4928D678
postgres-1  | 2026-08-21 06:19:30.660 UTC [76] LOG:  checkpoint starting: time
postgres-1  | 2026-08-21 06:20:23.299 UTC [76] LOG:  checkpoint complete: wrote 526 buffers (3.2%), wrote 2 SLRU buffers; 0 WAL file(s) added, 0 removed, 0 recycled; write=52.597 s, sync=0.026 s, total=52.640 s; sync files=50, longest=0.010 s, average=0.001 s; distance=4646 kB, estimate=4938 kB; lsn=0/4996C678, redo lsn=0/49717170
postgres-1  | 2026-08-21 06:24:30.392 UTC [76] LOG:  checkpoint starting: time
postgres-1  | 2026-08-21 06:25:41.149 UTC [76] LOG:  checkpoint complete: wrote 707 buffers (4.3%), wrote 1 SLRU buffers; 0 WAL file(s) added, 0 removed, 0 recycled; write=70.713 s, sync=0.022 s, total=70.758 s; sync files=50, longest=0.009 s, average=0.001 s; distance=6002 kB, estimate=6002 kB; lsn=0/49FC3730, redo lsn=0/49CF3AB8
postgres-1  | 2026-08-21 06:29:30.248 UTC [76] LOG:  checkpoint starting: time
postgres-1  | 2026-08-21 06:30:36.513 UTC [76] LOG:  checkpoint complete: wrote 661 buffers (4.0%), wrote 1 SLRU buffers; 0 WAL file(s) added, 0 removed, 1 recycled; write=66.230 s, sync=0.019 s, total=66.266 s; sync files=52, longest=0.009 s, average=0.001 s; distance=5656 kB, estimate=5967 kB; lsn=0/4A55BD70, redo lsn=0/4A279BA8
postgres-1  | 2026-08-21 06:34:30.591 UTC [76] LOG:  checkpoint starting: time
postgres-1  | 2026-08-21 06:35:26.213 UTC [76] LOG:  checkpoint complete: wrote 556 buffers (3.4%), wrote 1 SLRU buffers; 0 WAL file(s) added, 0 removed, 0 recycled; write=55.599 s, sync=0.011 s, total=55.623 s; sync files=53, longest=0.009 s, average=0.001 s; distance=4811 kB, estimate=5852 kB; lsn=0/4A93F208, redo lsn=0/4A72CAF0
postgres-1  | 2026-08-21 06:39:30.310 UTC [76] LOG:  checkpoint starting: time
postgres-1  | 2026-08-21 06:40:23.449 UTC [76] LOG:  checkpoint complete: wrote 530 buffers (3.2%), wrote 1 SLRU buffers; 0 WAL file(s) added, 0 removed, 0 recycled; write=53.094 s, sync=0.017 s, total=53.139 s; sync files=51, longest=0.009 s, average=0.001 s; distance=4636 kB, estimate=5730 kB; lsn=0/4AE17938, redo lsn=0/4ABB3EB8
postgres-1  | 2026-08-21 06:44:30.541 UTC [76] LOG:  checkpoint starting: time
postgres-1  | 2026-08-21 06:45:22.466 UTC [76] LOG:  checkpoint complete: wrote 519 buffers (3.2%), wrote 1 SLRU buffers; 0 WAL file(s) added, 0 removed, 1 recycled; write=51.886 s, sync=0.025 s, total=51.926 s; sync files=57, longest=0.013 s, average=0.001 s; distance=4601 kB, estimate=5617 kB; lsn=0/4B2A0418, redo lsn=0/4B032608
postgres-1  | 2026-08-21 06:49:30.515 UTC [76] LOG:  checkpoint starting: time
postgres-1  | 2026-08-21 06:50:20.851 UTC [76] LOG:  checkpoint complete: wrote 502 buffers (3.1%), wrote 1 SLRU buffers; 0 WAL file(s) added, 0 removed, 0 recycled; write=50.304 s, sync=0.016 s, total=50.336 s; sync files=50, longest=0.009 s, average=0.001 s; distance=4234 kB, estimate=5479 kB; lsn=0/4B6E35D0, redo lsn=0/4B454ED0
postgres-1  | 2026-08-21 06:54:30.871 UTC [76] LOG:  checkpoint starting: time
postgres-1  | 2026-08-21 06:55:35.917 UTC [76] LOG:  checkpoint complete: wrote 651 buffers (4.0%), wrote 1 SLRU buffers; 0 WAL file(s) added, 0 removed, 0 recycled; write=65.020 s, sync=0.014 s, total=65.046 s; sync files=53, longest=0.009 s, average=0.001 s; distance=5244 kB, estimate=5455 kB; lsn=0/4BDF5E20, redo lsn=0/4B974280
postgres-1  | 2026-08-21 06:59:30.965 UTC [76] LOG:  checkpoint starting: time
postgres-1  | 2026-08-21 07:00:43.034 UTC [76] LOG:  checkpoint complete: wrote 721 buffers (4.4%), wrote 1 SLRU buffers; 0 WAL file(s) added, 0 removed, 0 recycled; write=72.018 s, sync=0.024 s, total=72.069 s; sync files=57, longest=0.009 s, average=0.001 s; distance=5496 kB, estimate=5496 kB; lsn=0/4C1D24F8, redo lsn=0/4BED2300
postgres-1  | 2026-08-21 07:04:30.084 UTC [76] LOG:  checkpoint starting: time
postgres-1  | 2026-08-21 07:05:18.709 UTC [76] LOG:  checkpoint complete: wrote 485 buffers (3.0%), wrote 1 SLRU buffers; 0 WAL file(s) added, 0 removed, 1 recycled; write=48.586 s, sync=0.012 s, total=48.626 s; sync files=50, longest=0.008 s, average=0.001 s; distance=4016 kB, estimate=5348 kB; lsn=0/4C5271E8, redo lsn=0/4C2BE508
postgres-1  | 2026-08-21 07:09:30.746 UTC [76] LOG:  checkpoint starting: time
postgres-1  | 2026-08-21 07:10:42.695 UTC [76] LOG:  checkpoint complete: wrote 720 buffers (4.4%), wrote 1 SLRU buffers; 0 WAL file(s) added, 0 removed, 0 recycled; write=71.919 s, sync=0.017 s, total=71.949 s; sync files=51, longest=0.010 s, average=0.001 s; distance=5904 kB, estimate=5904 kB; lsn=0/4CAA3720, redo lsn=0/4C882570
postgres-1  | 2026-08-21 07:14:30.795 UTC [76] LOG:  checkpoint starting: time
postgres-1  | 2026-08-21 07:15:21.007 UTC [76] LOG:  checkpoint complete: wrote 502 buffers (3.1%), wrote 1 SLRU buffers; 0 WAL file(s) added, 0 removed, 0 recycled; write=50.188 s, sync=0.012 s, total=50.213 s; sync files=54, longest=0.009 s, average=0.001 s; distance=4037 kB, estimate=5717 kB; lsn=0/4CC8FCA0, redo lsn=0/4CC73980
postgres-1  | 2026-08-21 07:19:30.106 UTC [76] LOG:  checkpoint starting: time
postgres-1  | 2026-08-21 07:20:19.722 UTC [76] LOG:  checkpoint complete: wrote 495 buffers (3.0%), wrote 1 SLRU buffers; 0 WAL file(s) added, 0 removed, 1 recycled; write=49.581 s, sync=0.021 s, total=49.616 s; sync files=54, longest=0.009 s, average=0.001 s; distance=3922 kB, estimate=5537 kB; lsn=0/4D291A70, redo lsn=0/4D0484E8
postgres-1  | 2026-08-21 07:24:30.818 UTC [76] LOG:  checkpoint starting: time
postgres-1  | 2026-08-21 07:25:18.349 UTC [76] LOG:  checkpoint complete: wrote 475 buffers (2.9%), wrote 1 SLRU buffers; 0 WAL file(s) added, 0 removed, 0 recycled; write=47.503 s, sync=0.017 s, total=47.531 s; sync files=53, longest=0.009 s, average=0.001 s; distance=3822 kB, estimate=5366 kB; lsn=0/4D666DA8, redo lsn=0/4D403DE0
postgres-1  | 2026-08-21 07:29:30.369 UTC [76] LOG:  checkpoint starting: time
postgres-1  | 2026-08-21 07:31:28.593 UTC [76] LOG:  checkpoint complete: wrote 1181 buffers (7.2%), wrote 1 SLRU buffers; 0 WAL file(s) added, 0 removed, 0 recycled; write=118.204 s, sync=0.017 s, total=118.225 s; sync files=54, longest=0.009 s, average=0.001 s; distance=8705 kB, estimate=8705 kB; lsn=0/4DFF3060, redo lsn=0/4DC844E0
postgres-1  | 2026-08-21 07:34:30.689 UTC [76] LOG:  checkpoint starting: time
postgres-1  | 2026-08-21 07:35:34.920 UTC [76] LOG:  checkpoint complete: wrote 642 buffers (3.9%), wrote 1 SLRU buffers; 0 WAL file(s) added, 0 removed, 1 recycled; write=64.202 s, sync=0.016 s, total=64.232 s; sync files=49, longest=0.009 s, average=0.001 s; distance=5252 kB, estimate=8360 kB; lsn=0/4E457418, redo lsn=0/4E1A5518
postgres-1  | 2026-08-21 07:39:31.001 UTC [76] LOG:  checkpoint starting: time
postgres-1  | 2026-08-21 07:40:18.922 UTC [76] LOG:  checkpoint complete: wrote 479 buffers (2.9%), wrote 1 SLRU buffers; 0 WAL file(s) added, 0 removed, 0 recycled; write=47.888 s, sync=0.012 s, total=47.922 s; sync files=50, longest=0.009 s, average=0.001 s; distance=3512 kB, estimate=7875 kB; lsn=0/4E7B5950, redo lsn=0/4E513610
postgres-1  | 2026-08-21 07:44:30.992 UTC [76] LOG:  checkpoint starting: time
postgres-1  | 2026-08-21 07:45:37.650 UTC [76] LOG:  checkpoint complete: wrote 667 buffers (4.1%), wrote 1 SLRU buffers; 0 WAL file(s) added, 0 removed, 0 recycled; write=66.610 s, sync=0.019 s, total=66.658 s; sync files=51, longest=0.009 s, average=0.001 s; distance=5225 kB, estimate=7610 kB; lsn=0/4ECF42F8, redo lsn=0/4EA2DDF0
postgres-1  | 2026-08-21 07:49:30.750 UTC [76] LOG:  checkpoint starting: time
postgres-1  | 2026-08-21 07:50:22.062 UTC [76] LOG:  checkpoint complete: wrote 513 buffers (3.1%), wrote 1 SLRU buffers; 0 WAL file(s) added, 0 removed, 0 recycled; write=51.296 s, sync=0.011 s, total=51.312 s; sync files=49, longest=0.008 s, average=0.001 s; distance=4093 kB, estimate=7258 kB; lsn=0/4EE426D8, redo lsn=0/4EE2D438
postgres-1  | 2026-08-21 07:54:30.158 UTC [76] LOG:  checkpoint starting: time
postgres-1  | 2026-08-21 07:55:19.190 UTC [76] LOG:  checkpoint complete: wrote 489 buffers (3.0%), wrote 1 SLRU buffers; 0 WAL file(s) added, 0 removed, 1 recycled; write=49.007 s, sync=0.012 s, total=49.033 s; sync files=51, longest=0.009 s, average=0.001 s; distance=3619 kB, estimate=6894 kB; lsn=0/4F43B638, redo lsn=0/4F1B62C0
postgres-1  | 2026-08-21 07:59:30.261 UTC [76] LOG:  checkpoint starting: time
postgres-1  | 2026-08-21 08:00:20.886 UTC [76] LOG:  checkpoint complete: wrote 505 buffers (3.1%), wrote 1 SLRU buffers; 0 WAL file(s) added, 0 removed, 0 recycled; write=50.591 s, sync=0.022 s, total=50.626 s; sync files=50, longest=0.009 s, average=0.001 s; distance=4020 kB, estimate=6607 kB; lsn=0/4F86A8E0, redo lsn=0/4F5A32D8
postgres-1  | 2026-08-21 08:04:30.904 UTC [76] LOG:  checkpoint starting: time
postgres-1  | 2026-08-21 08:05:24.450 UTC [76] LOG:  checkpoint complete: wrote 535 buffers (3.3%), wrote 1 SLRU buffers; 0 WAL file(s) added, 0 removed, 0 recycled; write=53.507 s, sync=0.013 s, total=53.547 s; sync files=51, longest=0.009 s, average=0.001 s; distance=4260 kB, estimate=6372 kB; lsn=0/4FC71340, redo lsn=0/4F9CC688
postgres-1  | 2026-08-21 08:09:30.514 UTC [76] LOG:  checkpoint starting: time
postgres-1  | 2026-08-21 08:10:30.247 UTC [76] LOG:  checkpoint complete: wrote 597 buffers (3.6%), wrote 1 SLRU buffers; 0 WAL file(s) added, 0 removed, 0 recycled; write=59.706 s, sync=0.014 s, total=59.734 s; sync files=52, longest=0.009 s, average=0.001 s; distance=4860 kB, estimate=6221 kB; lsn=0/500EA580, redo lsn=0/4FE8B900
postgres-1  | 2026-08-21 08:14:30.256 UTC [76] LOG:  checkpoint starting: time
postgres-1  | 2026-08-21 08:15:46.014 UTC [76] LOG:  checkpoint complete: wrote 756 buffers (4.6%), wrote 1 SLRU buffers; 0 WAL file(s) added, 0 removed, 1 recycled; write=75.719 s, sync=0.017 s, total=75.759 s; sync files=53, longest=0.009 s, average=0.001 s; distance=5776 kB, estimate=6177 kB; lsn=0/5068CF48, redo lsn=0/5042FB18
postgres-1  | 2026-08-21 08:19:30.068 UTC [76] LOG:  checkpoint starting: time
postgres-1  | 2026-08-21 08:19:49.324 UTC [76] LOG:  checkpoint complete: wrote 192 buffers (1.2%), wrote 1 SLRU buffers; 0 WAL file(s) added, 0 removed, 0 recycled; write=19.237 s, sync=0.008 s, total=19.257 s; sync files=40, longest=0.002 s, average=0.001 s; distance=2482 kB, estimate=5807 kB; lsn=0/50902118, redo lsn=0/5069C328
postgres-1  | 2026-08-21 08:24:30.418 UTC [76] LOG:  checkpoint starting: time
postgres-1  | 2026-08-21 08:25:21.247 UTC [76] LOG:  checkpoint complete: wrote 507 buffers (3.1%), wrote 1 SLRU buffers; 0 WAL file(s) added, 0 removed, 0 recycled; write=50.803 s, sync=0.013 s, total=50.829 s; sync files=51, longest=0.009 s, average=0.001 s; distance=4262 kB, estimate=5653 kB; lsn=0/50F6D920, redo lsn=0/50AC5CF0
postgres-1  | 2026-08-21 08:29:30.325 UTC [76] LOG:  checkpoint starting: time
postgres-1  | 2026-08-21 08:30:51.697 UTC [76] LOG:  checkpoint complete: wrote 813 buffers (5.0%), wrote 1 SLRU buffers; 0 WAL file(s) added, 0 removed, 1 recycled; write=81.345 s, sync=0.013 s, total=81.372 s; sync files=58, longest=0.009 s, average=0.001 s; distance=6752 kB, estimate=6752 kB; lsn=0/51402EB0, redo lsn=0/5115DD48
postgres-1  | 2026-08-21 08:34:30.764 UTC [76] LOG:  checkpoint starting: time
postgres-1  | 2026-08-21 08:35:19.391 UTC [76] LOG:  checkpoint complete: wrote 486 buffers (3.0%), wrote 1 SLRU buffers; 0 WAL file(s) added, 0 removed, 0 recycled; write=48.600 s, sync=0.016 s, total=48.628 s; sync files=57, longest=0.009 s, average=0.001 s; distance=4006 kB, estimate=6477 kB; lsn=0/517A89B8, redo lsn=0/51547640
postgres-1  | 2026-08-21 08:39:30.473 UTC [76] LOG:  checkpoint starting: time
postgres-1  | 2026-08-21 08:40:20.191 UTC [76] LOG:  checkpoint complete: wrote 496 buffers (3.0%), wrote 1 SLRU buffers; 0 WAL file(s) added, 0 removed, 0 recycled; write=49.686 s, sync=0.016 s, total=49.719 s; sync files=53, longest=0.009 s, average=0.001 s; distance=4140 kB, estimate=6243 kB; lsn=0/51BBCF80, redo lsn=0/519528D0
postgres-1  | 2026-08-21 08:44:30.289 UTC [76] LOG:  checkpoint starting: time
postgres-1  | 2026-08-21 08:45:19.700 UTC [76] LOG:  checkpoint complete: wrote 493 buffers (3.0%), wrote 1 SLRU buffers; 0 WAL file(s) added, 0 removed, 0 recycled; write=49.385 s, sync=0.014 s, total=49.412 s; sync files=49, longest=0.009 s, average=0.001 s; distance=4145 kB, estimate=6033 kB; lsn=0/52054E10, redo lsn=0/51D5EF30
postgres-1  | 2026-08-21 08:49:30.800 UTC [76] LOG:  checkpoint starting: time
postgres-1  | 2026-08-21 08:50:27.159 UTC [76] LOG:  checkpoint complete: wrote 563 buffers (3.4%), wrote 1 SLRU buffers; 0 WAL file(s) added, 0 removed, 1 recycled; write=56.320 s, sync=0.024 s, total=56.359 s; sync files=52, longest=0.009 s, average=0.001 s; distance=4619 kB, estimate=5892 kB; lsn=0/524710E0, redo lsn=0/521E1CA0
postgres-1  | 2026-08-21 08:54:30.212 UTC [76] LOG:  checkpoint starting: time
postgres-1  | 2026-08-21 08:55:20.236 UTC [76] LOG:  checkpoint complete: wrote 499 buffers (3.0%), wrote 1 SLRU buffers; 0 WAL file(s) added, 0 removed, 0 recycled; write=49.991 s, sync=0.021 s, total=50.024 s; sync files=47, longest=0.009 s, average=0.001 s; distance=4146 kB, estimate=5717 kB; lsn=0/52843330, redo lsn=0/525EE710
postgres-1  | 2026-08-21 08:59:30.290 UTC [76] LOG:  checkpoint starting: time
postgres-1  | 2026-08-21 09:00:30.523 UTC [76] LOG:  checkpoint complete: wrote 601 buffers (3.7%), wrote 1 SLRU buffers; 0 WAL file(s) added, 0 removed, 0 recycled; write=60.208 s, sync=0.013 s, total=60.234 s; sync files=49, longest=0.009 s, average=0.001 s; distance=4905 kB, estimate=5636 kB; lsn=0/52D1A0D0, redo lsn=0/52AB8B90
postgres-1  | 2026-08-21 09:04:30.591 UTC [76] LOG:  checkpoint starting: time
postgres-1  | 2026-08-21 09:05:12.096 UTC [76] LOG:  checkpoint complete: wrote 414 buffers (2.5%), wrote 1 SLRU buffers; 0 WAL file(s) added, 0 removed, 0 recycled; write=41.461 s, sync=0.017 s, total=41.506 s; sync files=49, longest=0.009 s, average=0.001 s; distance=3142 kB, estimate=5387 kB; lsn=0/52E2F208, redo lsn=0/52DCA610
postgres-1  | 2026-08-21 09:09:30.172 UTC [76] LOG:  checkpoint starting: time
postgres-1  | 2026-08-21 09:10:17.411 UTC [76] LOG:  checkpoint complete: wrote 471 buffers (2.9%), wrote 1 SLRU buffers; 0 WAL file(s) added, 0 removed, 1 recycled; write=47.192 s, sync=0.013 s, total=47.239 s; sync files=51, longest=0.009 s, average=0.001 s; distance=3258 kB, estimate=5174 kB; lsn=0/531029D8, redo lsn=0/530F8FB0
postgres-1  | 2026-08-21 09:14:30.510 UTC [76] LOG:  checkpoint starting: time
postgres-1  | 2026-08-21 09:15:17.734 UTC [76] LOG:  checkpoint complete: wrote 471 buffers (2.9%), wrote 1 SLRU buffers; 0 WAL file(s) added, 0 removed, 0 recycled; write=47.185 s, sync=0.014 s, total=47.224 s; sync files=48, longest=0.009 s, average=0.001 s; distance=3543 kB, estimate=5011 kB; lsn=0/536B6920, redo lsn=0/5346EF50
postgres-1  | 2026-08-21 09:19:30.824 UTC [76] LOG:  checkpoint starting: time
postgres-1  | 2026-08-21 09:20:15.148 UTC [76] LOG:  checkpoint complete: wrote 443 buffers (2.7%), wrote 1 SLRU buffers; 0 WAL file(s) added, 0 removed, 0 recycled; write=44.271 s, sync=0.020 s, total=44.325 s; sync files=50, longest=0.009 s, average=0.001 s; distance=3402 kB, estimate=4850 kB; lsn=0/53A46798, redo lsn=0/537C1980
postgres-1  | 2026-08-21 09:24:30.152 UTC [76] LOG:  checkpoint starting: time
postgres-1  | 2026-08-21 09:25:23.874 UTC [76] LOG:  checkpoint complete: wrote 536 buffers (3.3%), wrote 1 SLRU buffers; 0 WAL file(s) added, 0 removed, 0 recycled; write=53.696 s, sync=0.011 s, total=53.722 s; sync files=49, longest=0.002 s, average=0.001 s; distance=4413 kB, estimate=4806 kB; lsn=0/53E697B0, redo lsn=0/53C10E70
postgres-1  | 2026-08-21 09:29:30.900 UTC [76] LOG:  checkpoint starting: time
postgres-1  | 2026-08-21 09:30:30.631 UTC [76] LOG:  checkpoint complete: wrote 598 buffers (3.6%), wrote 1 SLRU buffers; 0 WAL file(s) added, 0 removed, 1 recycled; write=59.706 s, sync=0.012 s, total=59.731 s; sync files=50, longest=0.009 s, average=0.001 s; distance=4692 kB, estimate=4795 kB; lsn=0/54312A10, redo lsn=0/540A5F50
postgres-1  | 2026-08-21 09:34:30.725 UTC [76] LOG:  checkpoint starting: time
postgres-1  | 2026-08-21 09:35:14.936 UTC [76] LOG:  checkpoint complete: wrote 442 buffers (2.7%), wrote 1 SLRU buffers; 0 WAL file(s) added, 0 removed, 0 recycled; write=44.184 s, sync=0.016 s, total=44.212 s; sync files=49, longest=0.009 s, average=0.001 s; distance=3514 kB, estimate=4667 kB; lsn=0/54448BD8, redo lsn=0/54414910
postgres-1  | 2026-08-21 09:39:31.026 UTC [76] LOG:  checkpoint starting: time
postgres-1  | 2026-08-21 09:40:17.751 UTC [76] LOG:  checkpoint complete: wrote 466 buffers (2.8%), wrote 1 SLRU buffers; 0 WAL file(s) added, 0 removed, 0 recycled; write=46.685 s, sync=0.021 s, total=46.726 s; sync files=51, longest=0.009 s, average=0.001 s; distance=3787 kB, estimate=4579 kB; lsn=0/54915E00, redo lsn=0/547C7808
postgres-1  | 2026-08-21 09:44:31.850 UTC [76] LOG:  checkpoint starting: time
postgres-1  | 2026-08-21 09:45:17.342 UTC [76] LOG:  checkpoint complete: wrote 455 buffers (2.8%), wrote 1 SLRU buffers; 0 WAL file(s) added, 0 removed, 0 recycled; write=45.468 s, sync=0.012 s, total=45.492 s; sync files=48, longest=0.009 s, average=0.001 s; distance=3524 kB, estimate=4473 kB; lsn=0/54B44738, redo lsn=0/54B38BC0
postgres-1  | 2026-08-21 09:49:31.346 UTC [76] LOG:  checkpoint starting: time
postgres-1  | 2026-08-21 09:50:17.453 UTC [76] LOG:  checkpoint complete: wrote 460 buffers (2.8%), wrote 1 SLRU buffers; 0 WAL file(s) added, 0 removed, 0 recycled; write=46.080 s, sync=0.013 s, total=46.107 s; sync files=50, longest=0.009 s, average=0.001 s; distance=3489 kB, estimate=4375 kB; lsn=0/550E6700, redo lsn=0/54EA1098
postgres-1  | 2026-08-21 09:54:31.553 UTC [76] LOG:  checkpoint starting: time
postgres-1  | 2026-08-21 09:55:27.271 UTC [76] LOG:  checkpoint complete: wrote 557 buffers (3.4%), wrote 1 SLRU buffers; 0 WAL file(s) added, 0 removed, 1 recycled; write=55.691 s, sync=0.013 s, total=55.719 s; sync files=50, longest=0.009 s, average=0.001 s; distance=4357 kB, estimate=4373 kB; lsn=0/556A0478, redo lsn=0/552E25D0
postgres-1  | 2026-08-21 09:59:31.273 UTC [76] LOG:  checkpoint starting: time
postgres-1  | 2026-08-21 10:00:42.914 UTC [76] LOG:  checkpoint complete: wrote 715 buffers (4.4%), wrote 1 SLRU buffers; 0 WAL file(s) added, 0 removed, 0 recycled; write=71.614 s, sync=0.015 s, total=71.642 s; sync files=48, longest=0.012 s, average=0.001 s; distance=5811 kB, estimate=5811 kB; lsn=0/55B214F8, redo lsn=0/5588F308
postgres-1  | 2026-08-21 10:04:31.992 UTC [76] LOG:  checkpoint starting: time
postgres-1  | 2026-08-21 10:05:17.699 UTC [76] LOG:  checkpoint complete: wrote 457 buffers (2.8%), wrote 1 SLRU buffers; 0 WAL file(s) added, 0 removed, 0 recycled; write=45.682 s, sync=0.012 s, total=45.707 s; sync files=50, longest=0.009 s, average=0.001 s; distance=3810 kB, estimate=5611 kB; lsn=0/55DE1408, redo lsn=0/55C47EE8
postgres-1  | 2026-08-21 10:09:31.766 UTC [76] LOG:  checkpoint starting: time
postgres-1  | 2026-08-21 10:10:14.254 UTC [76] LOG:  checkpoint complete: wrote 425 buffers (2.6%), wrote 1 SLRU buffers; 0 WAL file(s) added, 0 removed, 0 recycled; write=42.463 s, sync=0.013 s, total=42.489 s; sync files=49, longest=0.009 s, average=0.001 s; distance=3250 kB, estimate=5375 kB; lsn=0/55F7CCC0, redo lsn=0/55F748C0
postgres-1  | 2026-08-21 10:14:31.345 UTC [76] LOG:  checkpoint starting: time
postgres-1  | 2026-08-21 10:15:22.361 UTC [76] LOG:  checkpoint complete: wrote 509 buffers (3.1%), wrote 1 SLRU buffers; 0 WAL file(s) added, 0 removed, 1 recycled; write=50.988 s, sync=0.012 s, total=51.016 s; sync files=50, longest=0.009 s, average=0.001 s; distance=3903 kB, estimate=5227 kB; lsn=0/565B0A90, redo lsn=0/563444D8
postgres-1  | 2026-08-21 10:19:31.461 UTC [76] LOG:  checkpoint starting: time
postgres-1  | 2026-08-21 10:20:15.464 UTC [76] LOG:  checkpoint complete: wrote 439 buffers (2.7%), wrote 1 SLRU buffers; 0 WAL file(s) added, 0 removed, 0 recycled; write=43.972 s, sync=0.012 s, total=44.003 s; sync files=48, longest=0.009 s, average=0.001 s; distance=3440 kB, estimate=5049 kB; lsn=0/566D1D18, redo lsn=0/566A0518
postgres-1  | 2026-08-21 10:24:31.521 UTC [76] LOG:  checkpoint starting: time
postgres-1  | 2026-08-21 10:25:17.817 UTC [76] LOG:  checkpoint complete: wrote 462 buffers (2.8%), wrote 1 SLRU buffers; 0 WAL file(s) added, 0 removed, 0 recycled; write=46.269 s, sync=0.014 s, total=46.296 s; sync files=50, longest=0.009 s, average=0.001 s; distance=3525 kB, estimate=4896 kB; lsn=0/56A1CAB0, redo lsn=0/56A11A38
postgres-1  | 2026-08-21 10:29:31.847 UTC [76] LOG:  checkpoint starting: time
postgres-1  | 2026-08-21 10:30:23.458 UTC [76] LOG:  checkpoint complete: wrote 516 buffers (3.1%), wrote 2 SLRU buffers; 0 WAL file(s) added, 0 removed, 0 recycled; write=51.586 s, sync=0.012 s, total=51.612 s; sync files=51, longest=0.009 s, average=0.001 s; distance=3938 kB, estimate=4801 kB; lsn=0/56FC5F58, redo lsn=0/56DEA5F8
postgres-1  | 2026-08-21 10:34:31.524 UTC [76] LOG:  checkpoint starting: time
postgres-1  | 2026-08-21 10:35:19.837 UTC [76] LOG:  checkpoint complete: wrote 482 buffers (2.9%), wrote 1 SLRU buffers; 0 WAL file(s) added, 0 removed, 1 recycled; write=48.285 s, sync=0.013 s, total=48.314 s; sync files=49, longest=0.009 s, average=0.001 s; distance=3867 kB, estimate=4707 kB; lsn=0/571E38C0, redo lsn=0/571B1210
postgres-1  | 2026-08-21 10:39:31.934 UTC [76] LOG:  checkpoint starting: time
postgres-1  | 2026-08-21 10:40:17.445 UTC [76] LOG:  checkpoint complete: wrote 455 buffers (2.8%), wrote 1 SLRU buffers; 0 WAL file(s) added, 0 removed, 0 recycled; write=45.480 s, sync=0.013 s, total=45.511 s; sync files=50, longest=0.009 s, average=0.001 s; distance=3441 kB, estimate=4580 kB; lsn=0/576C5C18, redo lsn=0/5750D788
postgres-1  | 2026-08-21 10:44:31.506 UTC [76] LOG:  checkpoint starting: time
postgres-1  | 2026-08-21 10:45:26.152 UTC [76] LOG:  checkpoint complete: wrote 546 buffers (3.3%), wrote 1 SLRU buffers; 0 WAL file(s) added, 0 removed, 0 recycled; write=54.612 s, sync=0.017 s, total=54.646 s; sync files=49, longest=0.008 s, average=0.001 s; distance=4420 kB, estimate=4564 kB; lsn=0/57BB6D38, redo lsn=0/5795E940
postgres-1  | 2026-08-21 10:49:31.228 UTC [76] LOG:  checkpoint starting: time
postgres-1  | 2026-08-21 10:50:18.848 UTC [76] LOG:  checkpoint complete: wrote 475 buffers (2.9%), wrote 1 SLRU buffers; 0 WAL file(s) added, 0 removed, 0 recycled; write=47.571 s, sync=0.013 s, total=47.621 s; sync files=47, longest=0.009 s, average=0.001 s; distance=3986 kB, estimate=4507 kB; lsn=0/57EE91A0, redo lsn=0/57D43318
postgres-1  | 2026-08-21 10:54:31.948 UTC [76] LOG:  checkpoint starting: time
postgres-1  | 2026-08-21 10:55:19.747 UTC [76] LOG:  checkpoint complete: wrote 478 buffers (2.9%), wrote 1 SLRU buffers; 0 WAL file(s) added, 0 removed, 1 recycled; write=47.780 s, sync=0.007 s, total=47.800 s; sync files=49, longest=0.002 s, average=0.001 s; distance=3950 kB, estimate=4451 kB; lsn=0/58319AD0, redo lsn=0/5811EDC0
postgres-1  | 2026-08-21 10:59:31.847 UTC [76] LOG:  checkpoint starting: time
postgres-1  | 2026-08-21 11:00:35.492 UTC [76] LOG:  checkpoint complete: wrote 637 buffers (3.9%), wrote 1 SLRU buffers; 0 WAL file(s) added, 0 removed, 0 recycled; write=63.614 s, sync=0.019 s, total=63.645 s; sync files=50, longest=0.009 s, average=0.001 s; distance=5209 kB, estimate=5209 kB; lsn=0/588A0560, redo lsn=0/58635508
postgres-1  | 2026-08-21 11:04:31.552 UTC [76] LOG:  checkpoint starting: time
postgres-1  | 2026-08-21 11:05:41.419 UTC [76] LOG:  checkpoint complete: wrote 698 buffers (4.3%), wrote 1 SLRU buffers; 0 WAL file(s) added, 0 removed, 0 recycled; write=69.825 s, sync=0.014 s, total=69.867 s; sync files=57, longest=0.009 s, average=0.001 s; distance=5620 kB, estimate=5620 kB; lsn=0/58E22298, redo lsn=0/58BB2818
postgres-1  | 2026-08-21 11:09:31.482 UTC [76] LOG:  checkpoint starting: time
postgres-1  | 2026-08-21 11:10:19.598 UTC [76] LOG:  checkpoint complete: wrote 480 buffers (2.9%), wrote 1 SLRU buffers; 0 WAL file(s) added, 0 removed, 0 recycled; write=48.097 s, sync=0.005 s, total=48.116 s; sync files=52, longest=0.002 s, average=0.001 s; distance=3948 kB, estimate=5453 kB; lsn=0/59117818, redo lsn=0/58F8D8C8
postgres-1  | 2026-08-21 11:14:31.698 UTC [76] LOG:  checkpoint starting: time
postgres-1  | 2026-08-21 11:15:18.817 UTC [76] LOG:  checkpoint complete: wrote 471 buffers (2.9%), wrote 1 SLRU buffers; 0 WAL file(s) added, 0 removed, 1 recycled; write=47.082 s, sync=0.013 s, total=47.120 s; sync files=51, longest=0.009 s, average=0.001 s; distance=4022 kB, estimate=5310 kB; lsn=0/594D9348, redo lsn=0/5937B178
postgres-1  | 2026-08-21 11:19:31.911 UTC [76] LOG:  checkpoint starting: time
postgres-1  | 2026-08-21 11:20:19.347 UTC [76] LOG:  checkpoint complete: wrote 474 buffers (2.9%), wrote 1 SLRU buffers; 0 WAL file(s) added, 0 removed, 0 recycled; write=47.385 s, sync=0.021 s, total=47.437 s; sync files=50, longest=0.009 s, average=0.001 s; distance=3987 kB, estimate=5178 kB; lsn=0/598F8A08, redo lsn=0/597600D8
postgres-1  | 2026-08-21 11:24:31.446 UTC [76] LOG:  checkpoint starting: time
postgres-1  | 2026-08-21 11:25:18.273 UTC [76] LOG:  checkpoint complete: wrote 467 buffers (2.9%), wrote 1 SLRU buffers; 0 WAL file(s) added, 0 removed, 0 recycled; write=46.789 s, sync=0.004 s, total=46.827 s; sync files=47, longest=0.002 s, average=0.001 s; distance=3932 kB, estimate=5053 kB; lsn=0/59D257C8, redo lsn=0/59B37270
postgres-1  | 2026-08-21 11:29:31.366 UTC [76] LOG:  checkpoint starting: time
postgres-1  | 2026-08-21 11:30:30.814 UTC [76] LOG:  checkpoint complete: wrote 593 buffers (3.6%), wrote 1 SLRU buffers; 0 WAL file(s) added, 0 removed, 1 recycled; write=59.418 s, sync=0.017 s, total=59.448 s; sync files=51, longest=0.009 s, average=0.001 s; distance=4918 kB, estimate=5040 kB; lsn=0/5A281560, redo lsn=0/5A004DA0
postgres-1  | 2026-08-21 11:34:31.913 UTC [76] LOG:  checkpoint starting: time
postgres-1  | 2026-08-21 11:35:19.918 UTC [76] LOG:  checkpoint complete: wrote 480 buffers (2.9%), wrote 1 SLRU buffers; 0 WAL file(s) added, 0 removed, 0 recycled; write=47.987 s, sync=0.006 s, total=48.006 s; sync files=49, longest=0.002 s, average=0.001 s; distance=4118 kB, estimate=4947 kB; lsn=0/5A7EE2C0, redo lsn=0/5A40A5F0
postgres-1  | 2026-08-21 11:39:31.995 UTC [76] LOG:  checkpoint starting: time
postgres-1  | 2026-08-21 11:40:54.856 UTC [76] LOG:  checkpoint complete: wrote 830 buffers (5.1%), wrote 1 SLRU buffers; 0 WAL file(s) added, 0 removed, 0 recycled; write=82.832 s, sync=0.016 s, total=82.862 s; sync files=49, longest=0.009 s, average=0.001 s; distance=6876 kB, estimate=6876 kB; lsn=0/5AD69AA8, redo lsn=0/5AAC1680
postgres-1  | 2026-08-21 11:44:31.862 UTC [76] LOG:  checkpoint starting: time
postgres-1  | 2026-08-21 11:45:18.677 UTC [76] LOG:  checkpoint complete: wrote 468 buffers (2.9%), wrote 1 SLRU buffers; 0 WAL file(s) added, 0 removed, 0 recycled; write=46.783 s, sync=0.016 s, total=46.815 s; sync files=48, longest=0.009 s, average=0.001 s; distance=4035 kB, estimate=6592 kB; lsn=0/5B0A6DA8, redo lsn=0/5AEB2420
postgres-1  | 2026-08-21 11:49:31.769 UTC [76] LOG:  checkpoint starting: time
postgres-1  | 2026-08-21 11:50:28.921 UTC [76] LOG:  checkpoint complete: wrote 571 buffers (3.5%), wrote 1 SLRU buffers; 0 WAL file(s) added, 0 removed, 1 recycled; write=57.115 s, sync=0.021 s, total=57.152 s; sync files=54, longest=0.009 s, average=0.001 s; distance=4712 kB, estimate=6404 kB; lsn=0/5B5D2598, redo lsn=0/5B34C5C8
postgres-1  | 2026-08-21 11:54:31.954 UTC [76] LOG:  checkpoint starting: time
postgres-1  | 2026-08-21 11:55:21.057 UTC [76] LOG:  checkpoint complete: wrote 491 buffers (3.0%), wrote 1 SLRU buffers; 0 WAL file(s) added, 0 removed, 0 recycled; write=49.079 s, sync=0.012 s, total=49.104 s; sync files=48, longest=0.009 s, average=0.001 s; distance=4183 kB, estimate=6182 kB; lsn=0/5B8D7598, redo lsn=0/5B762380
postgres-1  | 2026-08-21 11:59:31.155 UTC [76] LOG:  checkpoint starting: time
postgres-1  | 2026-08-21 12:00:18.578 UTC [76] LOG:  checkpoint complete: wrote 473 buffers (2.9%), wrote 1 SLRU buffers; 0 WAL file(s) added, 0 removed, 0 recycled; write=47.379 s, sync=0.013 s, total=47.424 s; sync files=49, longest=0.009 s, average=0.001 s; distance=4017 kB, estimate=5965 kB; lsn=0/5BCF1028, redo lsn=0/5BB4E9D0
postgres-1  | 2026-08-21 12:04:31.655 UTC [76] LOG:  checkpoint starting: time
postgres-1  | 2026-08-21 12:05:20.969 UTC [76] LOG:  checkpoint complete: wrote 493 buffers (3.0%), wrote 1 SLRU buffers; 0 WAL file(s) added, 0 removed, 0 recycled; write=49.286 s, sync=0.021 s, total=49.314 s; sync files=49, longest=0.009 s, average=0.001 s; distance=4133 kB, estimate=5782 kB; lsn=0/5C137678, redo lsn=0/5BF57EE8
postgres-1  | 2026-08-21 12:09:32.069 UTC [76] LOG:  checkpoint starting: time
postgres-1  | 2026-08-21 12:10:19.696 UTC [76] LOG:  checkpoint complete: wrote 475 buffers (2.9%), wrote 1 SLRU buffers; 0 WAL file(s) added, 0 removed, 1 recycled; write=47.580 s, sync=0.015 s, total=47.628 s; sync files=47, longest=0.009 s, average=0.001 s; distance=4046 kB, estimate=5608 kB; lsn=0/5C4EF110, redo lsn=0/5C34B828
postgres-1  | 2026-08-21 12:14:32.716 UTC [76] LOG:  checkpoint starting: time
postgres-1  | 2026-08-21 12:15:27.773 UTC [76] LOG:  checkpoint complete: wrote 550 buffers (3.4%), wrote 1 SLRU buffers; 0 WAL file(s) added, 0 removed, 0 recycled; write=55.002 s, sync=0.024 s, total=55.057 s; sync files=51, longest=0.009 s, average=0.001 s; distance=4496 kB, estimate=5497 kB; lsn=0/5C9F9A18, redo lsn=0/5C7AFBD0
postgres-1  | 2026-08-21 12:19:32.835 UTC [76] LOG:  checkpoint starting: time
postgres-1  | 2026-08-21 12:20:19.840 UTC [76] LOG:  checkpoint complete: wrote 470 buffers (2.9%), wrote 1 SLRU buffers; 0 WAL file(s) added, 0 removed, 0 recycled; write=46.976 s, sync=0.014 s, total=47.005 s; sync files=49, longest=0.009 s, average=0.001 s; distance=3975 kB, estimate=5345 kB; lsn=0/5CD35FB8, redo lsn=0/5CB918D8
postgres-1  | 2026-08-21 12:24:32.899 UTC [76] LOG:  checkpoint starting: time
postgres-1  | 2026-08-21 12:25:29.242 UTC [76] LOG:  checkpoint complete: wrote 563 buffers (3.4%), wrote 1 SLRU buffers; 0 WAL file(s) added, 0 removed, 1 recycled; write=56.294 s, sync=0.017 s, total=56.344 s; sync files=51, longest=0.009 s, average=0.001 s; distance=4669 kB, estimate=5277 kB; lsn=0/5D27C560, redo lsn=0/5D0210B0
postgres-1  | 2026-08-21 12:29:32.280 UTC [76] LOG:  checkpoint starting: time
postgres-1  | 2026-08-21 12:30:20.703 UTC [76] LOG:  checkpoint complete: wrote 483 buffers (2.9%), wrote 1 SLRU buffers; 0 WAL file(s) added, 0 removed, 0 recycled; write=48.392 s, sync=0.019 s, total=48.423 s; sync files=48, longest=0.009 s, average=0.001 s; distance=4033 kB, estimate=5153 kB; lsn=0/5D59CBB0, redo lsn=0/5D411728
postgres-1  | 2026-08-21 12:34:32.764 UTC [76] LOG:  checkpoint starting: time
postgres-1  | 2026-08-21 12:35:41.334 UTC [76] LOG:  checkpoint complete: wrote 686 buffers (4.2%), wrote 1 SLRU buffers; 0 WAL file(s) added, 0 removed, 0 recycled; write=68.524 s, sync=0.019 s, total=68.571 s; sync files=50, longest=0.009 s, average=0.001 s; distance=5543 kB, estimate=5543 kB; lsn=0/5DC1C718, redo lsn=0/5D97B538
postgres-1  | 2026-08-21 12:39:32.410 UTC [76] LOG:  checkpoint starting: time
postgres-1  | 2026-08-21 12:40:41.492 UTC [76] LOG:  checkpoint complete: wrote 690 buffers (4.2%), wrote 1 SLRU buffers; 0 WAL file(s) added, 0 removed, 0 recycled; write=69.034 s, sync=0.018 s, total=69.082 s; sync files=59, longest=0.009 s, average=0.001 s; distance=5473 kB, estimate=5536 kB; lsn=0/5E156D38, redo lsn=0/5DED3B68
postgres-1  | 2026-08-21 12:44:32.568 UTC [76] LOG:  checkpoint starting: time
postgres-1  | 2026-08-21 12:45:21.591 UTC [76] LOG:  checkpoint complete: wrote 490 buffers (3.0%), wrote 1 SLRU buffers; 0 WAL file(s) added, 0 removed, 1 recycled; write=48.976 s, sync=0.015 s, total=49.023 s; sync files=47, longest=0.009 s, average=0.001 s; distance=4114 kB, estimate=5394 kB; lsn=0/5E46DC08, redo lsn=0/5E2D8488
postgres-1  | 2026-08-21 12:49:32.690 UTC [76] LOG:  checkpoint starting: time
postgres-1  | 2026-08-21 12:50:22.811 UTC [76] LOG:  checkpoint complete: wrote 501 buffers (3.1%), wrote 1 SLRU buffers; 0 WAL file(s) added, 0 removed, 0 recycled; write=50.085 s, sync=0.017 s, total=50.121 s; sync files=51, longest=0.009 s, average=0.001 s; distance=4207 kB, estimate=5275 kB; lsn=0/5E94B0B8, redo lsn=0/5E6F4140
postgres-1  | 2026-08-21 12:54:32.904 UTC [76] LOG:  checkpoint starting: time
postgres-1  | 2026-08-21 12:55:20.810 UTC [76] LOG:  checkpoint complete: wrote 479 buffers (2.9%), wrote 1 SLRU buffers; 0 WAL file(s) added, 0 removed, 0 recycled; write=47.878 s, sync=0.015 s, total=47.906 s; sync files=50, longest=0.009 s, average=0.001 s; distance=4159 kB, estimate=5164 kB; lsn=0/5EC9D9F0, redo lsn=0/5EB040D8
postgres-1  | 2026-08-21 12:59:32.908 UTC [76] LOG:  checkpoint starting: time
postgres-1  | 2026-08-21 13:00:30.936 UTC [76] LOG:  checkpoint complete: wrote 580 buffers (3.5%), wrote 1 SLRU buffers; 0 WAL file(s) added, 0 removed, 0 recycled; write=57.997 s, sync=0.018 s, total=58.029 s; sync files=50, longest=0.009 s, average=0.001 s; distance=4787 kB, estimate=5126 kB; lsn=0/5F2668D8, redo lsn=0/5EFB1020
postgres-1  | 2026-08-21 13:04:32.990 UTC [76] LOG:  checkpoint starting: time
postgres-1  | 2026-08-21 13:05:24.806 UTC [76] LOG:  checkpoint complete: wrote 518 buffers (3.2%), wrote 1 SLRU buffers; 0 WAL file(s) added, 0 removed, 1 recycled; write=51.783 s, sync=0.016 s, total=51.817 s; sync files=51, longest=0.008 s, average=0.001 s; distance=4342 kB, estimate=5048 kB; lsn=0/5F633660, redo lsn=0/5F3EEB50
postgres-1  | 2026-08-21 13:09:32.906 UTC [76] LOG:  checkpoint starting: time
postgres-1  | 2026-08-21 13:10:26.432 UTC [76] LOG:  checkpoint complete: wrote 535 buffers (3.3%), wrote 1 SLRU buffers; 0 WAL file(s) added, 0 removed, 0 recycled; write=53.495 s, sync=0.018 s, total=53.527 s; sync files=51, longest=0.009 s, average=0.001 s; distance=4435 kB, estimate=4986 kB; lsn=0/5FA9AA40, redo lsn=0/5F8439F0
postgres-1  | 2026-08-21 13:14:32.530 UTC [76] LOG:  checkpoint starting: time
postgres-1  | 2026-08-21 13:15:58.515 UTC [76] LOG:  checkpoint complete: wrote 859 buffers (5.2%), wrote 1 SLRU buffers; 0 WAL file(s) added, 0 removed, 0 recycled; write=85.957 s, sync=0.012 s, total=85.985 s; sync files=49, longest=0.009 s, average=0.001 s; distance=7038 kB, estimate=7038 kB; lsn=0/601E9F90, redo lsn=0/5FF23360
postgres-1  | 2026-08-21 13:19:32.595 UTC [76] LOG:  checkpoint starting: time
postgres-1  | 2026-08-21 13:21:47.480 UTC [76] LOG:  checkpoint complete: wrote 1349 buffers (8.2%), wrote 1 SLRU buffers; 0 WAL file(s) added, 0 removed, 1 recycled; write=134.834 s, sync=0.019 s, total=134.886 s; sync files=51, longest=0.006 s, average=0.001 s; distance=9969 kB, estimate=9969 kB; lsn=0/60D0ED58, redo lsn=0/608DFA20
postgres-1  | 2026-08-21 13:24:32.578 UTC [76] LOG:  checkpoint starting: time
postgres-1  | 2026-08-21 13:25:38.711 UTC [76] LOG:  checkpoint complete: wrote 661 buffers (4.0%), wrote 1 SLRU buffers; 0 WAL file(s) added, 0 removed, 0 recycled; write=66.115 s, sync=0.006 s, total=66.133 s; sync files=50, longest=0.002 s, average=0.001 s; distance=5623 kB, estimate=9535 kB; lsn=0/61099B08, redo lsn=0/60E5D850
postgres-1  | 2026-08-21 13:29:32.789 UTC [76] LOG:  checkpoint starting: time
postgres-1  | 2026-08-21 13:30:35.030 UTC [76] LOG:  checkpoint complete: wrote 622 buffers (3.8%), wrote 1 SLRU buffers; 0 WAL file(s) added, 0 removed, 1 recycled; write=62.213 s, sync=0.012 s, total=62.241 s; sync files=54, longest=0.009 s, average=0.001 s; distance=4918 kB, estimate=9073 kB; lsn=0/61341668, redo lsn=0/6132B1F0
postgres-1  | 2026-08-21 13:34:32.126 UTC [76] LOG:  checkpoint starting: time
postgres-1  | 2026-08-21 13:35:24.247 UTC [76] LOG:  checkpoint complete: wrote 520 buffers (3.2%), wrote 1 SLRU buffers; 0 WAL file(s) added, 0 removed, 0 recycled; write=52.092 s, sync=0.025 s, total=52.121 s; sync files=51, longest=0.009 s, average=0.001 s; distance=3817 kB, estimate=8547 kB; lsn=0/61947DA0, redo lsn=0/616E58F8
postgres-1  | 2026-08-21 13:39:32.258 UTC [76] LOG:  checkpoint starting: time
postgres-1  | 2026-08-21 13:40:39.808 UTC [76] LOG:  checkpoint complete: wrote 674 buffers (4.1%), wrote 1 SLRU buffers; 0 WAL file(s) added, 0 removed, 0 recycled; write=67.526 s, sync=0.009 s, total=67.550 s; sync files=52, longest=0.002 s, average=0.001 s; distance=5132 kB, estimate=8206 kB; lsn=0/61E6F158, redo lsn=0/61BE8BC8
postgres-1  | 2026-08-21 13:44:32.905 UTC [76] LOG:  checkpoint starting: time
postgres-1  | 2026-08-21 13:45:27.118 UTC [76] LOG:  checkpoint complete: wrote 542 buffers (3.3%), wrote 1 SLRU buffers; 0 WAL file(s) added, 0 removed, 0 recycled; write=54.197 s, sync=0.005 s, total=54.214 s; sync files=50, longest=0.002 s, average=0.001 s; distance=4123 kB, estimate=7798 kB; lsn=0/62007A90, redo lsn=0/61FEFB08
postgres-1  | 2026-08-21 13:49:32.205 UTC [76] LOG:  checkpoint starting: time
postgres-1  | 2026-08-21 13:50:29.344 UTC [76] LOG:  checkpoint complete: wrote 570 buffers (3.5%), wrote 1 SLRU buffers; 0 WAL file(s) added, 0 removed, 1 recycled; write=57.116 s, sync=0.011 s, total=57.140 s; sync files=51, longest=0.002 s, average=0.001 s; distance=4383 kB, estimate=7456 kB; lsn=0/628FAE30, redo lsn=0/62437848
postgres-1  | 2026-08-21 13:54:32.443 UTC [76] LOG:  checkpoint starting: time
postgres-1  | 2026-08-21 13:55:46.895 UTC [76] LOG:  checkpoint complete: wrote 744 buffers (4.5%), wrote 1 SLRU buffers; 0 WAL file(s) added, 0 removed, 0 recycled; write=74.424 s, sync=0.015 s, total=74.452 s; sync files=52, longest=0.009 s, average=0.001 s; distance=5796 kB, estimate=7290 kB; lsn=0/62CCAC60, redo lsn=0/629E09C8
postgres-1  | 2026-08-21 13:59:32.992 UTC [76] LOG:  checkpoint starting: time
postgres-1  | 2026-08-21 14:00:28.012 UTC [76] LOG:  checkpoint complete: wrote 551 buffers (3.4%), wrote 1 SLRU buffers; 0 WAL file(s) added, 0 removed, 0 recycled; write=54.997 s, sync=0.012 s, total=55.020 s; sync files=52, longest=0.009 s, average=0.001 s; distance=4459 kB, estimate=7007 kB; lsn=0/62E453B0, redo lsn=0/62E3B868
postgres-1  | 2026-08-21 14:04:32.082 UTC [76] LOG:  checkpoint starting: time
postgres-1  | 2026-08-21 14:04:35.017 UTC [76] LOG:  checkpoint complete: wrote 29 buffers (0.2%), wrote 1 SLRU buffers; 0 WAL file(s) added, 0 removed, 0 recycled; write=2.910 s, sync=0.013 s, total=2.935 s; sync files=19, longest=0.011 s, average=0.001 s; distance=144 kB, estimate=6321 kB; lsn=0/62E5FC28, redo lsn=0/62E5FBD0
postgres-1  | 2026-08-21 14:09:32.116 UTC [76] LOG:  checkpoint starting: time
postgres-1  | 2026-08-21 14:09:34.838 UTC [76] LOG:  checkpoint complete: wrote 27 buffers (0.2%), wrote 1 SLRU buffers; 0 WAL file(s) added, 0 removed, 0 recycled; write=2.706 s, sync=0.011 s, total=2.722 s; sync files=20, longest=0.010 s, average=0.001 s; distance=145 kB, estimate=5703 kB; lsn=0/62E84148, redo lsn=0/62E840F0
postgres-1  | 2026-08-21 14:14:32.885 UTC [76] LOG:  checkpoint starting: time
postgres-1  | 2026-08-21 14:14:35.917 UTC [76] LOG:  checkpoint complete: wrote 30 buffers (0.2%), wrote 1 SLRU buffers; 0 WAL file(s) added, 0 removed, 0 recycled; write=3.009 s, sync=0.012 s, total=3.033 s; sync files=22, longest=0.010 s, average=0.001 s; distance=182 kB, estimate=5151 kB; lsn=0/62EB19D0, redo lsn=0/62EB1978
postgres-1  | 2026-08-21 14:19:32.942 UTC [76] LOG:  checkpoint starting: time
postgres-1  | 2026-08-21 14:19:35.672 UTC [76] LOG:  checkpoint complete: wrote 27 buffers (0.2%), wrote 1 SLRU buffers; 0 WAL file(s) added, 0 removed, 0 recycled; write=2.706 s, sync=0.012 s, total=2.731 s; sync files=19, longest=0.011 s, average=0.001 s; distance=147 kB, estimate=4651 kB; lsn=0/62ED67E0, redo lsn=0/62ED6788
postgres-1  | 2026-08-21 14:24:32.731 UTC [76] LOG:  checkpoint starting: time
postgres-1  | 2026-08-21 14:24:36.475 UTC [76] LOG:  checkpoint complete: wrote 37 buffers (0.2%), wrote 1 SLRU buffers; 0 WAL file(s) added, 0 removed, 0 recycled; write=3.706 s, sync=0.012 s, total=3.745 s; sync files=23, longest=0.009 s, average=0.001 s; distance=214 kB, estimate=4207 kB; lsn=0/62F0C0C0, redo lsn=0/62F0C068
postgres-1  | 2026-08-21 14:29:32.487 UTC [76] LOG:  checkpoint starting: time
postgres-1  | 2026-08-21 14:29:38.823 UTC [76] LOG:  checkpoint complete: wrote 63 buffers (0.4%), wrote 1 SLRU buffers; 0 WAL file(s) added, 0 removed, 0 recycled; write=6.311 s, sync=0.013 s, total=6.336 s; sync files=27, longest=0.010 s, average=0.001 s; distance=404 kB, estimate=3827 kB; lsn=0/62F71340, redo lsn=0/62F712E8
postgres-1  | 2026-08-21 14:34:32.917 UTC [76] LOG:  checkpoint starting: time
postgres-1  | 2026-08-21 14:34:36.064 UTC [76] LOG:  checkpoint complete: wrote 31 buffers (0.2%), wrote 1 SLRU buffers; 0 WAL file(s) added, 0 removed, 0 recycled; write=3.107 s, sync=0.012 s, total=3.148 s; sync files=19, longest=0.011 s, average=0.001 s; distance=169 kB, estimate=3461 kB; lsn=0/62F9B848, redo lsn=0/62F9B7F0
postgres-1  | 2026-08-21 14:39:32.143 UTC [76] LOG:  checkpoint starting: time
postgres-1  | 2026-08-21 14:39:34.974 UTC [76] LOG:  checkpoint complete: wrote 28 buffers (0.2%), wrote 1 SLRU buffers; 0 WAL file(s) added, 0 removed, 0 recycled; write=2.806 s, sync=0.013 s, total=2.831 s; sync files=21, longest=0.012 s, average=0.001 s; distance=160 kB, estimate=3131 kB; lsn=0/62FC4E70, redo lsn=0/62FC38C0
postgres-1  | 2026-08-21 14:44:33.069 UTC [76] LOG:  checkpoint starting: time
postgres-1  | 2026-08-21 14:44:35.923 UTC [76] LOG:  checkpoint complete: wrote 28 buffers (0.2%), wrote 2 SLRU buffers; 0 WAL file(s) added, 0 removed, 0 recycled; write=2.807 s, sync=0.014 s, total=2.855 s; sync files=20, longest=0.011 s, average=0.001 s; distance=166 kB, estimate=2834 kB; lsn=0/62FED1E0, redo lsn=0/62FED188
postgres-1  | 2026-08-21 14:49:34.003 UTC [76] LOG:  checkpoint starting: time
postgres-1  | 2026-08-21 14:49:37.440 UTC [76] LOG:  checkpoint complete: wrote 34 buffers (0.2%), wrote 1 SLRU buffers; 0 WAL file(s) added, 0 removed, 1 recycled; write=3.407 s, sync=0.012 s, total=3.437 s; sync files=23, longest=0.009 s, average=0.001 s; distance=200 kB, estimate=2571 kB; lsn=0/6301F5A0, redo lsn=0/6301F548
postgres-1  | 2026-08-21 14:54:34.537 UTC [76] LOG:  checkpoint starting: time
postgres-1  | 2026-08-21 14:54:37.072 UTC [76] LOG:  checkpoint complete: wrote 25 buffers (0.2%), wrote 1 SLRU buffers; 0 WAL file(s) added, 0 removed, 0 recycled; write=2.508 s, sync=0.012 s, total=2.535 s; sync files=19, longest=0.010 s, average=0.001 s; distance=147 kB, estimate=2328 kB; lsn=0/63044248, redo lsn=0/630441F0
postgres-1  | 2026-08-21 14:59:34.162 UTC [76] LOG:  checkpoint starting: time
postgres-1  | 2026-08-21 14:59:37.298 UTC [76] LOG:  checkpoint complete: wrote 31 buffers (0.2%), wrote 1 SLRU buffers; 0 WAL file(s) added, 0 removed, 0 recycled; write=3.106 s, sync=0.016 s, total=3.136 s; sync files=20, longest=0.015 s, average=0.001 s; distance=172 kB, estimate=2113 kB; lsn=0/6306F478, redo lsn=0/6306F420
postgres-1  | 2026-08-21 15:04:34.393 UTC [76] LOG:  checkpoint starting: time
postgres-1  | 2026-08-21 15:04:37.336 UTC [76] LOG:  checkpoint complete: wrote 29 buffers (0.2%), wrote 1 SLRU buffers; 0 WAL file(s) added, 0 removed, 0 recycled; write=2.906 s, sync=0.026 s, total=2.943 s; sync files=21, longest=0.014 s, average=0.002 s; distance=170 kB, estimate=1919 kB; lsn=0/6309A020, redo lsn=0/63099FB0
postgres-1  | 2026-08-21 15:09:34.436 UTC [76] LOG:  checkpoint starting: time
postgres-1  | 2026-08-21 15:09:43.487 UTC [76] LOG:  checkpoint complete: wrote 90 buffers (0.5%), wrote 1 SLRU buffers; 0 WAL file(s) added, 0 removed, 0 recycled; write=9.016 s, sync=0.012 s, total=9.051 s; sync files=22, longest=0.011 s, average=0.001 s; distance=599 kB, estimate=1787 kB; lsn=0/6312FC98, redo lsn=0/6312FC40
postgres-1  | 2026-08-21 15:14:34.524 UTC [76] LOG:  checkpoint starting: time
postgres-1  | 2026-08-21 15:14:38.261 UTC [76] LOG:  checkpoint complete: wrote 37 buffers (0.2%), wrote 1 SLRU buffers; 0 WAL file(s) added, 0 removed, 0 recycled; write=3.711 s, sync=0.012 s, total=3.738 s; sync files=22, longest=0.010 s, average=0.001 s; distance=187 kB, estimate=1627 kB; lsn=0/6315EA58, redo lsn=0/6315EA00
postgres-1  | 2026-08-21 15:19:34.355 UTC [76] LOG:  checkpoint starting: time
postgres-1  | 2026-08-21 15:19:41.529 UTC [76] LOG:  checkpoint complete: wrote 33 buffers (0.2%), wrote 1 SLRU buffers; 0 WAL file(s) added, 0 removed, 0 recycled; write=6.873 s, sync=0.026 s, total=7.175 s; sync files=19, longest=0.008 s, average=0.002 s; distance=171 kB, estimate=1481 kB; lsn=0/631896A8, redo lsn=0/63189618
postgres-1  | 2026-08-21 15:24:34.570 UTC [76] LOG:  checkpoint starting: time
postgres-1  | 2026-08-21 15:24:37.905 UTC [76] LOG:  checkpoint complete: wrote 33 buffers (0.2%), wrote 1 SLRU buffers; 0 WAL file(s) added, 0 removed, 0 recycled; write=3.326 s, sync=0.004 s, total=3.336 s; sync files=18, longest=0.002 s, average=0.001 s; distance=170 kB, estimate=1350 kB; lsn=0/631B4138, redo lsn=0/631B40E0
postgres-1  | 2026-08-21 15:29:34.971 UTC [76] LOG:  checkpoint starting: time
postgres-1  | 2026-08-21 15:30:33.845 UTC [76] LOG:  checkpoint complete: wrote 589 buffers (3.6%), wrote 1 SLRU buffers; 0 WAL file(s) added, 0 removed, 0 recycled; write=58.847 s, sync=0.015 s, total=58.874 s; sync files=57, longest=0.009 s, average=0.001 s; distance=5095 kB, estimate=5095 kB; lsn=0/639737B8, redo lsn=0/636ADF88
postgres-1  | 2026-08-21 15:34:34.932 UTC [76] LOG:  checkpoint starting: time
postgres-1  | 2026-08-21 15:35:31.759 UTC [76] LOG:  checkpoint complete: wrote 568 buffers (3.5%), wrote 1 SLRU buffers; 0 WAL file(s) added, 0 removed, 0 recycled; write=56.796 s, sync=0.017 s, total=56.827 s; sync files=56, longest=0.009 s, average=0.001 s; distance=4949 kB, estimate=5081 kB; lsn=0/63E33A30, redo lsn=0/63B83700
postgres-1  | 2026-08-21 15:39:34.858 UTC [76] LOG:  checkpoint starting: time
postgres-1  | 2026-08-21 15:40:56.835 UTC [76] LOG:  checkpoint complete: wrote 820 buffers (5.0%), wrote 1 SLRU buffers; 0 WAL file(s) added, 0 removed, 1 recycled; write=81.948 s, sync=0.016 s, total=81.977 s; sync files=58, longest=0.009 s, average=0.001 s; distance=6866 kB, estimate=6866 kB; lsn=0/6456ACF8, redo lsn=0/642382F8
postgres-1  | 2026-08-21 15:44:34.893 UTC [76] LOG:  checkpoint starting: time
postgres-1  | 2026-08-21 15:45:32.244 UTC [76] LOG:  checkpoint complete: wrote 573 buffers (3.5%), wrote 1 SLRU buffers; 0 WAL file(s) added, 0 removed, 0 recycled; write=57.321 s, sync=0.019 s, total=57.351 s; sync files=56, longest=0.009 s, average=0.001 s; distance=4997 kB, estimate=6680 kB; lsn=0/649EE848, redo lsn=0/64719998
postgres-1  | 2026-08-21 15:49:34.335 UTC [76] LOG:  checkpoint starting: time
postgres-1  | 2026-08-21 15:50:31.274 UTC [76] LOG:  checkpoint complete: wrote 568 buffers (3.5%), wrote 1 SLRU buffers; 0 WAL file(s) added, 0 removed, 0 recycled; write=56.906 s, sync=0.017 s, total=56.939 s; sync files=55, longest=0.009 s, average=0.001 s; distance=4839 kB, estimate=6495 kB; lsn=0/65094D08, redo lsn=0/64BD3730
postgres-1  | 2026-08-21 15:54:34.370 UTC [76] LOG:  checkpoint starting: time
postgres-1  | 2026-08-21 15:55:55.540 UTC [76] LOG:  checkpoint complete: wrote 811 buffers (4.9%), wrote 1 SLRU buffers; 0 WAL file(s) added, 0 removed, 1 recycled; write=81.140 s, sync=0.016 s, total=81.170 s; sync files=52, longest=0.011 s, average=0.001 s; distance=6745 kB, estimate=6745 kB; lsn=0/656CE1E0, redo lsn=0/65269E78
postgres-1  | 2026-08-21 15:59:34.610 UTC [76] LOG:  checkpoint starting: time
postgres-1  | 2026-08-21 16:00:48.479 UTC [76] LOG:  checkpoint complete: wrote 738 buffers (4.5%), wrote 1 SLRU buffers; 0 WAL file(s) added, 0 removed, 0 recycled; write=73.837 s, sync=0.019 s, total=73.869 s; sync files=50, longest=0.009 s, average=0.001 s; distance=5832 kB, estimate=6654 kB; lsn=0/65B02278, redo lsn=0/6581C1B8
postgres-1  | 2026-08-21 16:04:34.579 UTC [76] LOG:  checkpoint starting: time
postgres-1  | 2026-08-21 16:05:29.105 UTC [76] LOG:  checkpoint complete: wrote 545 buffers (3.3%), wrote 1 SLRU buffers; 0 WAL file(s) added, 0 removed, 0 recycled; write=54.502 s, sync=0.012 s, total=54.526 s; sync files=48, longest=0.008 s, average=0.001 s; distance=4550 kB, estimate=6444 kB; lsn=0/65E163D8, redo lsn=0/65C8DA28
postgres-1  | 2026-08-21 16:09:34.205 UTC [76] LOG:  checkpoint starting: time
postgres-1  | 2026-08-21 16:10:48.288 UTC [76] LOG:  checkpoint complete: wrote 739 buffers (4.5%), wrote 1 SLRU buffers; 0 WAL file(s) added, 0 removed, 1 recycled; write=74.056 s, sync=0.014 s, total=74.084 s; sync files=53, longest=0.009 s, average=0.001 s; distance=5868 kB, estimate=6386 kB; lsn=0/664B9858, redo lsn=0/66248C60
postgres-1  | 2026-08-21 16:14:34.359 UTC [76] LOG:  checkpoint starting: time
postgres-1  | 2026-08-21 16:15:27.578 UTC [76] LOG:  checkpoint complete: wrote 531 buffers (3.2%), wrote 1 SLRU buffers; 0 WAL file(s) added, 0 removed, 0 recycled; write=53.198 s, sync=0.008 s, total=53.220 s; sync files=48, longest=0.002 s, average=0.001 s; distance=4254 kB, estimate=6173 kB; lsn=0/668C4FE8, redo lsn=0/66670590
postgres-1  | 2026-08-21 16:19:34.677 UTC [76] LOG:  checkpoint starting: time
postgres-1  | 2026-08-21 16:20:27.408 UTC [76] LOG:  checkpoint complete: wrote 527 buffers (3.2%), wrote 1 SLRU buffers; 0 WAL file(s) added, 0 removed, 0 recycled; write=52.694 s, sync=0.019 s, total=52.731 s; sync files=49, longest=0.009 s, average=0.001 s; distance=4404 kB, estimate=5996 kB; lsn=0/66CE72E8, redo lsn=0/66ABD928
postgres-1  | 2026-08-21 16:24:34.507 UTC [76] LOG:  checkpoint starting: time
postgres-1  | 2026-08-21 16:25:24.928 UTC [76] LOG:  checkpoint complete: wrote 503 buffers (3.1%), wrote 1 SLRU buffers; 0 WAL file(s) added, 0 removed, 0 recycled; write=50.384 s, sync=0.022 s, total=50.421 s; sync files=50, longest=0.011 s, average=0.001 s; distance=4109 kB, estimate=5807 kB; lsn=0/66ECA358, redo lsn=0/66EC0FA0
postgres-1  | 2026-08-21 16:29:35.016 UTC [76] LOG:  checkpoint starting: time
postgres-1  | 2026-08-21 16:30:23.926 UTC [76] LOG:  checkpoint complete: wrote 488 buffers (3.0%), wrote 1 SLRU buffers; 0 WAL file(s) added, 0 removed, 1 recycled; write=48.883 s, sync=0.013 s, total=48.910 s; sync files=50, longest=0.009 s, average=0.001 s; distance=3905 kB, estimate=5617 kB; lsn=0/6748F200, redo lsn=0/67291720
postgres-1  | 2026-08-21 16:34:36.026 UTC [76] LOG:  checkpoint starting: time
postgres-1  | 2026-08-21 16:35:26.353 UTC [76] LOG:  checkpoint complete: wrote 502 buffers (3.1%), wrote 1 SLRU buffers; 0 WAL file(s) added, 0 removed, 0 recycled; write=50.278 s, sync=0.012 s, total=50.327 s; sync files=50, longest=0.009 s, average=0.001 s; distance=4059 kB, estimate=5461 kB; lsn=0/67A56578, redo lsn=0/67688690
postgres-1  | 2026-08-21 16:39:36.447 UTC [76] LOG:  checkpoint starting: time
postgres-1  | 2026-08-21 16:41:14.053 UTC [76] LOG:  checkpoint complete: wrote 975 buffers (6.0%), wrote 1 SLRU buffers; 0 WAL file(s) added, 0 removed, 0 recycled; write=97.578 s, sync=0.016 s, total=97.606 s; sync files=51, longest=0.010 s, average=0.001 s; distance=7707 kB, estimate=7707 kB; lsn=0/680C6278, redo lsn=0/67E0F588
postgres-1  | 2026-08-21 16:44:36.133 UTC [76] LOG:  checkpoint starting: time
postgres-1  | 2026-08-21 16:45:28.158 UTC [76] LOG:  checkpoint complete: wrote 519 buffers (3.2%), wrote 1 SLRU buffers; 0 WAL file(s) added, 0 removed, 1 recycled; write=52.007 s, sync=0.005 s, total=52.026 s; sync files=51, longest=0.002 s, average=0.001 s; distance=4298 kB, estimate=7366 kB; lsn=0/68454500, redo lsn=0/68242030
postgres-1  | 2026-08-21 16:49:36.255 UTC [76] LOG:  checkpoint starting: time
postgres-1  | 2026-08-21 16:50:40.001 UTC [76] LOG:  checkpoint complete: wrote 636 buffers (3.9%), wrote 1 SLRU buffers; 0 WAL file(s) added, 0 removed, 0 recycled; write=63.717 s, sync=0.016 s, total=63.747 s; sync files=49, longest=0.009 s, average=0.001 s; distance=5037 kB, estimate=7133 kB; lsn=0/689F9E80, redo lsn=0/6872D758
postgres-1  | 2026-08-21 16:54:37.101 UTC [76] LOG:  checkpoint starting: time
postgres-1  | 2026-08-21 16:55:29.843 UTC [76] LOG:  checkpoint complete: wrote 526 buffers (3.2%), wrote 1 SLRU buffers; 0 WAL file(s) added, 0 removed, 0 recycled; write=52.697 s, sync=0.033 s, total=52.742 s; sync files=50, longest=0.010 s, average=0.001 s; distance=4327 kB, estimate=6853 kB; lsn=0/68DD6088, redo lsn=0/68B675A8
postgres-1  | 2026-08-21 16:59:37.938 UTC [76] LOG:  checkpoint starting: time
postgres-1  | 2026-08-21 17:00:24.858 UTC [76] LOG:  checkpoint complete: wrote 469 buffers (2.9%), wrote 1 SLRU buffers; 0 WAL file(s) added, 0 removed, 0 recycled; write=46.882 s, sync=0.013 s, total=46.920 s; sync files=51, longest=0.009 s, average=0.001 s; distance=3683 kB, estimate=6536 kB; lsn=0/691D6EB8, redo lsn=0/68F00430
postgres-1  | 2026-08-21 17:04:37.956 UTC [76] LOG:  checkpoint starting: time
postgres-1  | 2026-08-21 17:05:38.800 UTC [76] LOG:  checkpoint complete: wrote 609 buffers (3.7%), wrote 1 SLRU buffers; 0 WAL file(s) added, 0 removed, 1 recycled; write=60.816 s, sync=0.014 s, total=60.844 s; sync files=51, longest=0.008 s, average=0.001 s; distance=4789 kB, estimate=6361 kB; lsn=0/69642448, redo lsn=0/693ADB58
postgres-1  | 2026-08-21 17:09:37.849 UTC [76] LOG:  checkpoint starting: time
postgres-1  | 2026-08-21 17:10:26.873 UTC [76] LOG:  checkpoint complete: wrote 490 buffers (3.0%), wrote 1 SLRU buffers; 0 WAL file(s) added, 0 removed, 0 recycled; write=48.982 s, sync=0.018 s, total=49.025 s; sync files=50, longest=0.009 s, average=0.001 s; distance=4087 kB, estimate=6134 kB; lsn=0/6983CDB8, redo lsn=0/697AB8B0
postgres-1  | 2026-08-21 17:14:37.954 UTC [76] LOG:  checkpoint starting: time
postgres-1  | 2026-08-21 17:15:27.780 UTC [76] LOG:  checkpoint complete: wrote 498 buffers (3.0%), wrote 1 SLRU buffers; 0 WAL file(s) added, 0 removed, 0 recycled; write=49.797 s, sync=0.019 s, total=49.827 s; sync files=50, longest=0.009 s, average=0.001 s; distance=3898 kB, estimate=5910 kB; lsn=0/69DBD660, redo lsn=0/69B7A198
postgres-1  | 2026-08-21 17:19:37.842 UTC [76] LOG:  checkpoint starting: time
postgres-1  | 2026-08-21 17:20:25.343 UTC [76] LOG:  checkpoint complete: wrote 475 buffers (2.9%), wrote 1 SLRU buffers; 0 WAL file(s) added, 0 removed, 0 recycled; write=47.484 s, sync=0.013 s, total=47.502 s; sync files=49, longest=0.009 s, average=0.001 s; distance=3874 kB, estimate=5706 kB; lsn=0/6A12C780, redo lsn=0/69F429F0
postgres-1  | 2026-08-21 17:24:37.431 UTC [76] LOG:  checkpoint starting: time
postgres-1  | 2026-08-21 17:25:31.659 UTC [76] LOG:  checkpoint complete: wrote 541 buffers (3.3%), wrote 1 SLRU buffers; 0 WAL file(s) added, 0 removed, 1 recycled; write=54.198 s, sync=0.016 s, total=54.229 s; sync files=54, longest=0.009 s, average=0.001 s; distance=4465 kB, estimate=5582 kB; lsn=0/6A62B690, redo lsn=0/6A39EFE8
postgres-1  | 2026-08-21 17:29:37.758 UTC [76] LOG:  checkpoint starting: time
postgres-1  | 2026-08-21 17:30:26.365 UTC [76] LOG:  checkpoint complete: wrote 486 buffers (3.0%), wrote 1 SLRU buffers; 0 WAL file(s) added, 0 removed, 0 recycled; write=48.577 s, sync=0.017 s, total=48.607 s; sync files=49, longest=0.008 s, average=0.001 s; distance=3934 kB, estimate=5418 kB; lsn=0/6A9AC900, redo lsn=0/6A776AE8
postgres-1  | 2026-08-21 17:34:37.461 UTC [76] LOG:  checkpoint starting: time
postgres-1  | 2026-08-21 17:35:25.764 UTC [76] LOG:  checkpoint complete: wrote 482 buffers (2.9%), wrote 1 SLRU buffers; 0 WAL file(s) added, 0 removed, 0 recycled; write=48.277 s, sync=0.014 s, total=48.304 s; sync files=48, longest=0.009 s, average=0.001 s; distance=3967 kB, estimate=5272 kB; lsn=0/6AD5CDF8, redo lsn=0/6AB56760
postgres-1  | 2026-08-21 17:39:37.855 UTC [76] LOG:  checkpoint starting: time
postgres-1  | 2026-08-21 17:40:36.279 UTC [76] LOG:  checkpoint complete: wrote 584 buffers (3.6%), wrote 1 SLRU buffers; 0 WAL file(s) added, 0 removed, 0 recycled; write=58.405 s, sync=0.007 s, total=58.425 s; sync files=53, longest=0.002 s, average=0.001 s; distance=4643 kB, estimate=5210 kB; lsn=0/6B252C80, redo lsn=0/6AFDF6D8
postgres-1  | 2026-08-21 17:44:37.362 UTC [76] LOG:  checkpoint starting: time
postgres-1  | 2026-08-21 17:45:30.887 UTC [76] LOG:  checkpoint complete: wrote 534 buffers (3.3%), wrote 1 SLRU buffers; 0 WAL file(s) added, 0 removed, 1 recycled; write=53.488 s, sync=0.024 s, total=53.526 s; sync files=50, longest=0.009 s, average=0.001 s; distance=4180 kB, estimate=5107 kB; lsn=0/6B69C3A8, redo lsn=0/6B3F4860
postgres-1  | 2026-08-21 17:49:37.931 UTC [76] LOG:  checkpoint starting: time
postgres-1  | 2026-08-21 17:50:27.040 UTC [76] LOG:  checkpoint complete: wrote 491 buffers (3.0%), wrote 1 SLRU buffers; 0 WAL file(s) added, 0 removed, 0 recycled; write=49.083 s, sync=0.015 s, total=49.110 s; sync files=50, longest=0.009 s, average=0.001 s; distance=4207 kB, estimate=5017 kB; lsn=0/6BA14130, redo lsn=0/6B8107A0
postgres-1  | 2026-08-21 17:54:37.138 UTC [76] LOG:  checkpoint starting: time
postgres-1  | 2026-08-21 17:55:29.484 UTC [76] LOG:  checkpoint complete: wrote 522 buffers (3.2%), wrote 1 SLRU buffers; 0 WAL file(s) added, 0 removed, 0 recycled; write=52.287 s, sync=0.027 s, total=52.346 s; sync files=53, longest=0.010 s, average=0.001 s; distance=4114 kB, estimate=4926 kB; lsn=0/6BE880E0, redo lsn=0/6BC15178
postgres-1  | 2026-08-21 17:59:37.562 UTC [76] LOG:  checkpoint starting: time
postgres-1  | 2026-08-21 18:00:27.681 UTC [76] LOG:  checkpoint complete: wrote 501 buffers (3.1%), wrote 1 SLRU buffers; 0 WAL file(s) added, 0 removed, 1 recycled; write=50.083 s, sync=0.013 s, total=50.119 s; sync files=50, longest=0.009 s, average=0.001 s; distance=4143 kB, estimate=4848 kB; lsn=0/6C215680, redo lsn=0/6C020F48
postgres-1  | 2026-08-21 18:04:37.777 UTC [76] LOG:  checkpoint starting: time
postgres-1  | 2026-08-21 18:05:25.604 UTC [76] LOG:  checkpoint complete: wrote 478 buffers (2.9%), wrote 1 SLRU buffers; 0 WAL file(s) added, 0 removed, 0 recycled; write=47.786 s, sync=0.012 s, total=47.827 s; sync files=49, longest=0.009 s, average=0.001 s; distance=4072 kB, estimate=4770 kB; lsn=0/6C611398, redo lsn=0/6C41B2F0
postgres-1  | 2026-08-21 18:09:37.697 UTC [76] LOG:  checkpoint starting: time
postgres-1  | 2026-08-21 18:10:25.303 UTC [76] LOG:  checkpoint complete: wrote 476 buffers (2.9%), wrote 1 SLRU buffers; 0 WAL file(s) added, 0 removed, 0 recycled; write=47.578 s, sync=0.013 s, total=47.607 s; sync files=48, longest=0.009 s, average=0.001 s; distance=3904 kB, estimate=4684 kB; lsn=0/6C7F6BD0, redo lsn=0/6C7EB500
postgres-1  | 2026-08-21 18:14:37.378 UTC [76] LOG:  checkpoint starting: time
postgres-1  | 2026-08-21 18:15:53.340 UTC [76] LOG:  checkpoint complete: wrote 759 buffers (4.6%), wrote 1 SLRU buffers; 0 WAL file(s) added, 0 removed, 0 recycled; write=75.937 s, sync=0.012 s, total=75.963 s; sync files=51, longest=0.009 s, average=0.001 s; distance=6144 kB, estimate=6144 kB; lsn=0/6D0814F0, redo lsn=0/6CDEB648
postgres-1  | 2026-08-21 18:19:37.429 UTC [76] LOG:  checkpoint starting: time
postgres-1  | 2026-08-21 18:20:29.536 UTC [76] LOG:  checkpoint complete: wrote 520 buffers (3.2%), wrote 1 SLRU buffers; 0 WAL file(s) added, 0 removed, 1 recycled; write=52.090 s, sync=0.005 s, total=52.107 s; sync files=50, longest=0.002 s, average=0.001 s; distance=4390 kB, estimate=5968 kB; lsn=0/6D4636F8, redo lsn=0/6D235158
postgres-1  | 2026-08-21 18:24:37.628 UTC [76] LOG:  checkpoint starting: time
postgres-1  | 2026-08-21 18:25:25.144 UTC [76] LOG:  checkpoint complete: wrote 475 buffers (2.9%), wrote 1 SLRU buffers; 0 WAL file(s) added, 0 removed, 0 recycled; write=47.489 s, sync=0.003 s, total=47.517 s; sync files=47, longest=0.002 s, average=0.001 s; distance=3873 kB, estimate=5759 kB; lsn=0/6D81F940, redo lsn=0/6D5FD5C8
postgres-1  | 2026-08-21 18:29:37.159 UTC [76] LOG:  checkpoint starting: time
postgres-1  | 2026-08-21 18:30:23.857 UTC [76] LOG:  checkpoint complete: wrote 466 buffers (2.8%), wrote 1 SLRU buffers; 0 WAL file(s) added, 0 removed, 0 recycled; write=46.672 s, sync=0.015 s, total=46.698 s; sync files=49, longest=0.009 s, average=0.001 s; distance=3556 kB, estimate=5539 kB; lsn=0/6D9E0098, redo lsn=0/6D976838
postgres-1  | 2026-08-21 18:34:37.938 UTC [76] LOG:  checkpoint starting: time
postgres-1  | 2026-08-21 18:35:25.932 UTC [76] LOG:  checkpoint complete: wrote 480 buffers (2.9%), wrote 1 SLRU buffers; 0 WAL file(s) added, 0 removed, 0 recycled; write=47.977 s, sync=0.004 s, total=47.995 s; sync files=49, longest=0.002 s, average=0.001 s; distance=3789 kB, estimate=5364 kB; lsn=0/6DD8E600, redo lsn=0/6DD29E80
postgres-1  | 2026-08-21 18:39:38.002 UTC [76] LOG:  checkpoint starting: time
postgres-1  | 2026-08-21 18:40:24.010 UTC [76] LOG:  checkpoint complete: wrote 460 buffers (2.8%), wrote 1 SLRU buffers; 0 WAL file(s) added, 0 removed, 1 recycled; write=45.982 s, sync=0.013 s, total=46.009 s; sync files=49, longest=0.009 s, average=0.001 s; distance=3616 kB, estimate=5189 kB; lsn=0/6E0C3F60, redo lsn=0/6E0B2250
postgres-1  | 2026-08-21 18:44:37.066 UTC [76] LOG:  checkpoint starting: time
postgres-1  | 2026-08-21 18:45:32.385 UTC [76] LOG:  checkpoint complete: wrote 552 buffers (3.4%), wrote 1 SLRU buffers; 0 WAL file(s) added, 0 removed, 0 recycled; write=55.300 s, sync=0.009 s, total=55.320 s; sync files=52, longest=0.002 s, average=0.001 s; distance=4191 kB, estimate=5089 kB; lsn=0/6E6FDCA0, redo lsn=0/6E4CA208
postgres-1  | 2026-08-21 18:49:37.485 UTC [76] LOG:  checkpoint starting: time
postgres-1  | 2026-08-21 18:50:25.182 UTC [76] LOG:  checkpoint complete: wrote 476 buffers (2.9%), wrote 1 SLRU buffers; 0 WAL file(s) added, 0 removed, 0 recycled; write=47.682 s, sync=0.005 s, total=47.698 s; sync files=48, longest=0.002 s, average=0.001 s; distance=3814 kB, estimate=4962 kB; lsn=0/6E917F60, redo lsn=0/6E883CF0
postgres-1  | 2026-08-21 18:54:37.243 UTC [76] LOG:  checkpoint starting: time
postgres-1  | 2026-08-21 18:55:26.150 UTC [76] LOG:  checkpoint complete: wrote 488 buffers (3.0%), wrote 2 SLRU buffers; 0 WAL file(s) added, 0 removed, 0 recycled; write=48.880 s, sync=0.016 s, total=48.907 s; sync files=50, longest=0.009 s, average=0.001 s; distance=3812 kB, estimate=4847 kB; lsn=0/6EE29628, redo lsn=0/6EC3CFF8
postgres-1  | 2026-08-21 18:59:37.249 UTC [76] LOG:  checkpoint starting: time
postgres-1  | 2026-08-21 19:00:22.941 UTC [76] LOG:  checkpoint complete: wrote 456 buffers (2.8%), wrote 1 SLRU buffers; 0 WAL file(s) added, 0 removed, 0 recycled; write=45.676 s, sync=0.004 s, total=45.693 s; sync files=48, longest=0.002 s, average=0.001 s; distance=3651 kB, estimate=4727 kB; lsn=0/6F232158, redo lsn=0/6EFCDCB8
postgres-1  | 2026-08-21 19:04:38.008 UTC [76] LOG:  checkpoint starting: time
postgres-1  | 2026-08-21 19:06:23.317 UTC [76] LOG:  checkpoint complete: wrote 1051 buffers (6.4%), wrote 1 SLRU buffers; 0 WAL file(s) added, 0 removed, 1 recycled; write=105.284 s, sync=0.012 s, total=105.310 s; sync files=51, longest=0.009 s, average=0.001 s; distance=8251 kB, estimate=8251 kB; lsn=0/6F9D7928, redo lsn=0/6F7DCA90
postgres-1  | 2026-08-21 19:09:38.407 UTC [76] LOG:  checkpoint starting: time
postgres-1  | 2026-08-21 19:10:23.802 UTC [76] LOG:  checkpoint complete: wrote 453 buffers (2.8%), wrote 1 SLRU buffers; 0 WAL file(s) added, 0 removed, 0 recycled; write=45.369 s, sync=0.013 s, total=45.396 s; sync files=50, longest=0.009 s, average=0.001 s; distance=3548 kB, estimate=7781 kB; lsn=0/6FB5E8D0, redo lsn=0/6FB53B60
postgres-1  | 2026-08-21 19:14:38.902 UTC [76] LOG:  checkpoint starting: time
postgres-1  | 2026-08-21 19:15:24.217 UTC [76] LOG:  checkpoint complete: wrote 453 buffers (2.8%), wrote 1 SLRU buffers; 0 WAL file(s) added, 0 removed, 0 recycled; write=45.289 s, sync=0.013 s, total=45.315 s; sync files=48, longest=0.008 s, average=0.001 s; distance=3499 kB, estimate=7352 kB; lsn=0/70107AB8, redo lsn=0/6FEBE818
postgres-1  | 2026-08-21 19:19:38.263 UTC [76] LOG:  checkpoint starting: time
postgres-1  | 2026-08-21 19:20:25.877 UTC [76] LOG:  checkpoint complete: wrote 475 buffers (2.9%), wrote 1 SLRU buffers; 0 WAL file(s) added, 0 removed, 1 recycled; write=47.589 s, sync=0.012 s, total=47.614 s; sync files=50, longest=0.009 s, average=0.001 s; distance=3958 kB, estimate=7013 kB; lsn=0/70489378, redo lsn=0/7029C1A8
postgres-1  | 2026-08-21 19:24:38.977 UTC [76] LOG:  checkpoint starting: time
postgres-1  | 2026-08-21 19:25:47.536 UTC [76] LOG:  checkpoint complete: wrote 686 buffers (4.2%), wrote 1 SLRU buffers; 0 WAL file(s) added, 0 removed, 0 recycled; write=68.525 s, sync=0.022 s, total=68.560 s; sync files=50, longest=0.009 s, average=0.001 s; distance=5191 kB, estimate=6831 kB; lsn=0/70A1B5F0, redo lsn=0/707AE038
postgres-1  | 2026-08-21 19:29:38.588 UTC [76] LOG:  checkpoint starting: time
postgres-1  | 2026-08-21 19:30:34.638 UTC [76] LOG:  checkpoint complete: wrote 560 buffers (3.4%), wrote 1 SLRU buffers; 0 WAL file(s) added, 0 removed, 0 recycled; write=56.016 s, sync=0.018 s, total=56.050 s; sync files=49, longest=0.009 s, average=0.001 s; distance=4392 kB, estimate=6587 kB; lsn=0/70E7F8E8, redo lsn=0/70BF8248
postgres-1  | 2026-08-21 19:34:38.703 UTC [76] LOG:  checkpoint starting: time
postgres-1  | 2026-08-21 19:35:28.403 UTC [76] LOG:  checkpoint complete: wrote 497 buffers (3.0%), wrote 1 SLRU buffers; 0 WAL file(s) added, 0 removed, 0 recycled; write=49.675 s, sync=0.012 s, total=49.700 s; sync files=52, longest=0.009 s, average=0.001 s; distance=3910 kB, estimate=6319 kB; lsn=0/70FD17A0, redo lsn=0/70FC9A98
postgres-1  | 2026-08-21 19:39:38.442 UTC [76] LOG:  checkpoint starting: time
postgres-1  | 2026-08-21 19:40:24.172 UTC [76] LOG:  checkpoint complete: wrote 456 buffers (2.8%), wrote 1 SLRU buffers; 0 WAL file(s) added, 0 removed, 1 recycled; write=45.702 s, sync=0.014 s, total=45.730 s; sync files=50, longest=0.008 s, average=0.001 s; distance=3347 kB, estimate=6022 kB; lsn=0/714E69E8, redo lsn=0/7130E978
postgres-1  | 2026-08-21 19:44:38.214 UTC [76] LOG:  checkpoint starting: time
postgres-1  | 2026-08-21 19:45:24.113 UTC [76] LOG:  checkpoint complete: wrote 458 buffers (2.8%), wrote 1 SLRU buffers; 0 WAL file(s) added, 0 removed, 0 recycled; write=45.875 s, sync=0.012 s, total=45.899 s; sync files=49, longest=0.009 s, average=0.001 s; distance=3578 kB, estimate=5778 kB; lsn=0/7189B6F0, redo lsn=0/7168D2E8
postgres-1  | 2026-08-21 19:49:38.122 UTC [76] LOG:  checkpoint starting: time
postgres-1  | 2026-08-21 19:50:29.146 UTC [76] LOG:  checkpoint complete: wrote 509 buffers (3.1%), wrote 1 SLRU buffers; 0 WAL file(s) added, 0 removed, 0 recycled; write=50.984 s, sync=0.027 s, total=51.025 s; sync files=52, longest=0.016 s, average=0.001 s; distance=3967 kB, estimate=5597 kB; lsn=0/71C5C3E8, redo lsn=0/71A6D188
postgres-1  | 2026-08-21 19:54:38.179 UTC [76] LOG:  checkpoint starting: time
postgres-1  | 2026-08-21 19:55:51.240 UTC [76] LOG:  checkpoint complete: wrote 729 buffers (4.4%), wrote 1 SLRU buffers; 0 WAL file(s) added, 0 removed, 1 recycled; write=73.028 s, sync=0.012 s, total=73.062 s; sync files=51, longest=0.009 s, average=0.001 s; distance=5750 kB, estimate=5750 kB; lsn=0/72242F90, redo lsn=0/7200ABB0
postgres-1  | 2026-08-21 19:59:38.340 UTC [76] LOG:  checkpoint starting: time
postgres-1  | 2026-08-21 20:00:25.760 UTC [76] LOG:  checkpoint complete: wrote 473 buffers (2.9%), wrote 1 SLRU buffers; 0 WAL file(s) added, 0 removed, 0 recycled; write=47.395 s, sync=0.012 s, total=47.420 s; sync files=50, longest=0.009 s, average=0.001 s; distance=3965 kB, estimate=5572 kB; lsn=0/725D1608, redo lsn=0/723EA240
postgres-1  | 2026-08-21 20:04:38.856 UTC [76] LOG:  checkpoint starting: time
postgres-1  | 2026-08-21 20:05:27.671 UTC [76] LOG:  checkpoint complete: wrote 488 buffers (3.0%), wrote 1 SLRU buffers; 0 WAL file(s) added, 0 removed, 0 recycled; write=48.784 s, sync=0.016 s, total=48.816 s; sync files=49, longest=0.009 s, average=0.001 s; distance=4075 kB, estimate=5422 kB; lsn=0/729F8A08, redo lsn=0/727E4F68
postgres-1  | 2026-08-21 20:09:38.695 UTC [76] LOG:  checkpoint starting: time
postgres-1  | 2026-08-21 20:10:28.408 UTC [76] LOG:  checkpoint complete: wrote 497 buffers (3.0%), wrote 1 SLRU buffers; 0 WAL file(s) added, 0 removed, 0 recycled; write=49.697 s, sync=0.012 s, total=49.714 s; sync files=50, longest=0.009 s, average=0.001 s; distance=4087 kB, estimate=5288 kB; lsn=0/72DEF9B0, redo lsn=0/72BE2D78
postgres-1  | 2026-08-21 20:14:38.504 UTC [76] LOG:  checkpoint starting: time
postgres-1  | 2026-08-21 20:15:24.724 UTC [76] LOG:  checkpoint complete: wrote 461 buffers (2.8%), wrote 1 SLRU buffers; 0 WAL file(s) added, 0 removed, 0 recycled; write=46.179 s, sync=0.016 s, total=46.220 s; sync files=48, longest=0.009 s, average=0.001 s; distance=3884 kB, estimate=5148 kB; lsn=0/7318A830, redo lsn=0/72FAE020
postgres-1  | 2026-08-21 20:19:38.824 UTC [76] LOG:  checkpoint starting: time
postgres-1  | 2026-08-21 20:20:27.041 UTC [76] LOG:  checkpoint complete: wrote 482 buffers (2.9%), wrote 1 SLRU buffers; 0 WAL file(s) added, 0 removed, 1 recycled; write=48.194 s, sync=0.011 s, total=48.218 s; sync files=48, longest=0.008 s, average=0.001 s; distance=4004 kB, estimate=5034 kB; lsn=0/735BD878, redo lsn=0/73397068
postgres-1  | 2026-08-21 20:24:38.137 UTC [76] LOG:  checkpoint starting: time
postgres-1  | 2026-08-21 20:25:27.043 UTC [76] LOG:  checkpoint complete: wrote 488 buffers (3.0%), wrote 1 SLRU buffers; 0 WAL file(s) added, 0 removed, 0 recycled; write=48.881 s, sync=0.013 s, total=48.907 s; sync files=51, longest=0.009 s, average=0.001 s; distance=4052 kB, estimate=4935 kB; lsn=0/7393E288, redo lsn=0/7378C240
postgres-1  | 2026-08-21 20:29:38.130 UTC [76] LOG:  checkpoint starting: time
postgres-1  | 2026-08-21 20:30:26.135 UTC [76] LOG:  checkpoint complete: wrote 479 buffers (2.9%), wrote 1 SLRU buffers; 0 WAL file(s) added, 0 removed, 0 recycled; write=47.977 s, sync=0.015 s, total=48.005 s; sync files=49, longest=0.009 s, average=0.001 s; distance=3976 kB, estimate=4839 kB; lsn=0/73D64498, redo lsn=0/73B6E570
postgres-1  | 2026-08-21 20:34:38.227 UTC [76] LOG:  checkpoint starting: time
postgres-1  | 2026-08-21 20:35:26.133 UTC [76] LOG:  checkpoint complete: wrote 478 buffers (2.9%), wrote 1 SLRU buffers; 0 WAL file(s) added, 0 removed, 0 recycled; write=47.883 s, sync=0.012 s, total=47.907 s; sync files=49, longest=0.009 s, average=0.001 s; distance=4007 kB, estimate=4756 kB; lsn=0/74129350, redo lsn=0/73F58500
postgres-1  | 2026-08-21 20:39:38.150 UTC [76] LOG:  checkpoint starting: time
postgres-1  | 2026-08-21 20:40:27.009 UTC [76] LOG:  checkpoint complete: wrote 487 buffers (3.0%), wrote 1 SLRU buffers; 0 WAL file(s) added, 0 removed, 1 recycled; write=48.844 s, sync=0.005 s, total=48.859 s; sync files=50, longest=0.002 s, average=0.001 s; distance=4010 kB, estimate=4682 kB; lsn=0/74580FC0, redo lsn=0/74342EC8
postgres-1  | 2026-08-21 20:44:38.109 UTC [76] LOG:  checkpoint starting: time
postgres-1  | 2026-08-21 20:45:27.995 UTC [76] LOG:  checkpoint complete: wrote 482 buffers (2.9%), wrote 1 SLRU buffers; 0 WAL file(s) added, 0 removed, 0 recycled; write=49.871 s, sync=0.006 s, total=49.887 s; sync files=50, longest=0.002 s, average=0.001 s; distance=4046 kB, estimate=4618 kB; lsn=0/74925B58, redo lsn=0/747366E8
postgres-1  | 2026-08-21 20:49:39.079 UTC [76] LOG:  checkpoint starting: time
postgres-1  | 2026-08-21 20:50:34.474 UTC [76] LOG:  checkpoint complete: wrote 484 buffers (3.0%), wrote 1 SLRU buffers; 0 WAL file(s) added, 0 removed, 0 recycled; write=53.128 s, sync=0.805 s, total=55.395 s; sync files=45, longest=0.535 s, average=0.018 s; distance=4096 kB, estimate=4566 kB; lsn=0/74DCB968, redo lsn=0/74B366F0
postgres-1  | 2026-08-21 20:54:39.506 UTC [76] LOG:  checkpoint starting: time
postgres-1  | 2026-08-21 20:56:00.580 UTC [76] LOG:  checkpoint complete: wrote 810 buffers (4.9%), wrote 1 SLRU buffers; 0 WAL file(s) added, 0 removed, 1 recycled; write=81.051 s, sync=0.006 s, total=81.074 s; sync files=47, longest=0.002 s, average=0.001 s; distance=6360 kB, estimate=6360 kB; lsn=0/7545F588, redo lsn=0/7516C858
postgres-1  | 2026-08-21 20:59:39.623 UTC [76] LOG:  checkpoint starting: time
postgres-1  | 2026-08-21 21:00:38.163 UTC [76] LOG:  checkpoint complete: wrote 585 buffers (3.6%), wrote 1 SLRU buffers; 0 WAL file(s) added, 0 removed, 0 recycled; write=58.514 s, sync=0.014 s, total=58.541 s; sync files=53, longest=0.009 s, average=0.001 s; distance=4729 kB, estimate=6197 kB; lsn=0/7589DC08, redo lsn=0/7560AFF8
postgres-1  | 2026-08-21 21:04:39.262 UTC [76] LOG:  checkpoint starting: time
postgres-1  | 2026-08-21 21:05:29.275 UTC [76] LOG:  checkpoint complete: wrote 499 buffers (3.0%), wrote 1 SLRU buffers; 0 WAL file(s) added, 0 removed, 0 recycled; write=49.988 s, sync=0.013 s, total=50.014 s; sync files=46, longest=0.009 s, average=0.001 s; distance=3995 kB, estimate=5977 kB; lsn=0/75B9C350, redo lsn=0/759F1E98
postgres-1  | 2026-08-21 21:09:39.349 UTC [76] LOG:  checkpoint starting: time
postgres-1  | 2026-08-21 21:10:28.372 UTC [76] LOG:  checkpoint complete: wrote 489 buffers (3.0%), wrote 1 SLRU buffers; 0 WAL file(s) added, 0 removed, 0 recycled; write=48.993 s, sync=0.013 s, total=49.023 s; sync files=49, longest=0.009 s, average=0.001 s; distance=3942 kB, estimate=5773 kB; lsn=0/75FBE6D8, redo lsn=0/75DCB998
postgres-1  | 2026-08-21 21:14:39.472 UTC [76] LOG:  checkpoint starting: time
postgres-1  | 2026-08-21 21:15:28.902 UTC [76] LOG:  checkpoint complete: wrote 493 buffers (3.0%), wrote 1 SLRU buffers; 0 WAL file(s) added, 0 removed, 1 recycled; write=49.405 s, sync=0.013 s, total=49.431 s; sync files=50, longest=0.009 s, average=0.001 s; distance=3996 kB, estimate=5595 kB; lsn=0/7637FFC8, redo lsn=0/761B2998
postgres-1  | 2026-08-21 21:19:39.986 UTC [76] LOG:  checkpoint starting: time
postgres-1  | 2026-08-21 21:20:36.514 UTC [76] LOG:  checkpoint complete: wrote 566 buffers (3.5%), wrote 1 SLRU buffers; 0 WAL file(s) added, 0 removed, 0 recycled; write=56.502 s, sync=0.014 s, total=56.528 s; sync files=48, longest=0.009 s, average=0.001 s; distance=4541 kB, estimate=5490 kB; lsn=0/7688DAE8, redo lsn=0/766220F8
postgres-1  | 2026-08-21 21:24:39.595 UTC [76] LOG:  checkpoint starting: time
postgres-1  | 2026-08-21 21:25:27.702 UTC [76] LOG:  checkpoint complete: wrote 481 buffers (2.9%), wrote 1 SLRU buffers; 0 WAL file(s) added, 0 removed, 0 recycled; write=48.083 s, sync=0.013 s, total=48.108 s; sync files=45, longest=0.008 s, average=0.001 s; distance=3883 kB, estimate=5329 kB; lsn=0/76B6E938, redo lsn=0/769ECED8
postgres-1  | 2026-08-21 21:29:39.794 UTC [76] LOG:  checkpoint starting: time
postgres-1  | 2026-08-21 21:31:00.890 UTC [76] LOG:  checkpoint complete: wrote 811 buffers (4.9%), wrote 1 SLRU buffers; 0 WAL file(s) added, 0 removed, 0 recycled; write=81.069 s, sync=0.014 s, total=81.096 s; sync files=48, longest=0.009 s, average=0.001 s; distance=6216 kB, estimate=6216 kB; lsn=0/772553F8, redo lsn=0/76FFF280
postgres-1  | 2026-08-21 21:34:39.989 UTC [76] LOG:  checkpoint starting: time
postgres-1  | 2026-08-21 21:35:25.086 UTC [76] LOG:  checkpoint complete: wrote 451 buffers (2.8%), wrote 1 SLRU buffers; 0 WAL file(s) added, 0 removed, 1 recycled; write=45.077 s, sync=0.007 s, total=45.098 s; sync files=45, longest=0.002 s, average=0.001 s; distance=3576 kB, estimate=5952 kB; lsn=0/774BEA28, redo lsn=0/7737D628
postgres-1  | 2026-08-21 21:39:39.165 UTC [76] LOG:  checkpoint starting: time
postgres-1  | 2026-08-21 21:40:21.558 UTC [76] LOG:  checkpoint complete: wrote 423 buffers (2.6%), wrote 1 SLRU buffers; 0 WAL file(s) added, 0 removed, 0 recycled; write=42.376 s, sync=0.004 s, total=42.393 s; sync files=45, longest=0.002 s, average=0.001 s; distance=3335 kB, estimate=5691 kB; lsn=0/77802668, redo lsn=0/776BF270
postgres-1  | 2026-08-21 21:44:39.658 UTC [76] LOG:  checkpoint starting: time
postgres-1  | 2026-08-21 21:45:21.243 UTC [76] LOG:  checkpoint complete: wrote 416 buffers (2.5%), wrote 1 SLRU buffers; 0 WAL file(s) added, 0 removed, 0 recycled; write=41.571 s, sync=0.004 s, total=41.586 s; sync files=46, longest=0.002 s, average=0.001 s; distance=3300 kB, estimate=5452 kB; lsn=0/77AF1B18, redo lsn=0/779F84A8
postgres-1  | 2026-08-21 21:49:39.282 UTC [76] LOG:  checkpoint starting: time
postgres-1  | 2026-08-21 21:50:19.469 UTC [76] LOG:  checkpoint complete: wrote 401 buffers (2.4%), wrote 1 SLRU buffers; 0 WAL file(s) added, 0 removed, 0 recycled; write=40.161 s, sync=0.012 s, total=40.187 s; sync files=47, longest=0.009 s, average=0.001 s; distance=3041 kB, estimate=5211 kB; lsn=0/77DFCB48, redo lsn=0/77CF0BB8
postgres-1  | 2026-08-21 21:54:39.547 UTC [76] LOG:  checkpoint starting: time
postgres-1  | 2026-08-21 21:55:17.634 UTC [76] LOG:  checkpoint complete: wrote 380 buffers (2.3%), wrote 1 SLRU buffers; 0 WAL file(s) added, 0 removed, 0 recycled; write=38.064 s, sync=0.013 s, total=38.088 s; sync files=43, longest=0.009 s, average=0.001 s; distance=2905 kB, estimate=4980 kB; lsn=0/780EB0E8, redo lsn=0/77FC71E0
postgres-1  | 2026-08-21 21:59:39.651 UTC [76] LOG:  checkpoint starting: time
postgres-1  | 2026-08-21 22:00:23.048 UTC [76] LOG:  checkpoint complete: wrote 434 buffers (2.6%), wrote 1 SLRU buffers; 0 WAL file(s) added, 0 removed, 1 recycled; write=43.366 s, sync=0.016 s, total=43.397 s; sync files=47, longest=0.009 s, average=0.001 s; distance=3292 kB, estimate=4811 kB; lsn=0/7842CA08, redo lsn=0/782FE3D0
postgres-1  | 2026-08-21 22:04:39.143 UTC [76] LOG:  checkpoint starting: time
postgres-1  | 2026-08-21 22:06:59.242 UTC [76] LOG:  checkpoint complete: wrote 1398 buffers (8.5%), wrote 1 SLRU buffers; 0 WAL file(s) added, 0 removed, 0 recycled; write=140.070 s, sync=0.016 s, total=140.100 s; sync files=48, longest=0.009 s, average=0.001 s; distance=9990 kB, estimate=9990 kB; lsn=0/78DC7F78, redo lsn=0/78CBFD98
postgres-1  | 2026-08-21 22:09:39.314 UTC [76] LOG:  checkpoint starting: time
postgres-1  | 2026-08-21 22:10:00.389 UTC [76] LOG:  checkpoint complete: wrote 210 buffers (1.3%), wrote 1 SLRU buffers; 0 WAL file(s) added, 0 removed, 0 recycled; write=21.033 s, sync=0.015 s, total=21.075 s; sync files=43, longest=0.009 s, average=0.001 s; distance=1659 kB, estimate=9157 kB; lsn=0/78E5EBC0, redo lsn=0/78E5EB30
postgres-1  | 2026-08-21 22:14:39.464 UTC [76] LOG:  checkpoint starting: time
postgres-1  | 2026-08-21 22:15:07.340 UTC [76] LOG:  checkpoint complete: wrote 278 buffers (1.7%), wrote 1 SLRU buffers; 0 WAL file(s) added, 0 removed, 1 recycled; write=27.857 s, sync=0.005 s, total=27.877 s; sync files=42, longest=0.002 s, average=0.001 s; distance=2100 kB, estimate=8451 kB; lsn=0/790F4C98, redo lsn=0/7906BE10
postgres-1  | 2026-08-21 22:19:39.419 UTC [76] LOG:  checkpoint starting: time
postgres-1  | 2026-08-21 22:20:01.695 UTC [76] LOG:  checkpoint complete: wrote 222 buffers (1.4%), wrote 1 SLRU buffers; 0 WAL file(s) added, 0 removed, 0 recycled; write=22.239 s, sync=0.013 s, total=22.276 s; sync files=43, longest=0.010 s, average=0.001 s; distance=1639 kB, estimate=7770 kB; lsn=0/7926FCD0, redo lsn=0/79205B80
postgres-1  | 2026-08-21 22:24:39.757 UTC [76] LOG:  checkpoint starting: time
postgres-1  | 2026-08-21 22:24:55.798 UTC [76] LOG:  checkpoint complete: wrote 160 buffers (1.0%), wrote 1 SLRU buffers; 0 WAL file(s) added, 0 removed, 0 recycled; write=16.024 s, sync=0.004 s, total=16.041 s; sync files=36, longest=0.002 s, average=0.001 s; distance=1176 kB, estimate=7111 kB; lsn=0/7932C2A0, redo lsn=0/7932BC70
postgres-1  | 2026-08-21 22:29:39.878 UTC [76] LOG:  checkpoint starting: time
postgres-1  | 2026-08-21 22:30:03.652 UTC [76] LOG:  checkpoint complete: wrote 237 buffers (1.4%), wrote 1 SLRU buffers; 0 WAL file(s) added, 0 removed, 0 recycled; write=23.750 s, sync=0.013 s, total=23.775 s; sync files=43, longest=0.009 s, average=0.001 s; distance=1723 kB, estimate=6572 kB; lsn=0/79537648, redo lsn=0/794DAA48
postgres-1  | 2026-08-21 22:34:39.750 UTC [76] LOG:  checkpoint starting: time
postgres-1  | 2026-08-21 22:34:53.017 UTC [76] LOG:  checkpoint complete: wrote 132 buffers (0.8%), wrote 1 SLRU buffers; 0 WAL file(s) added, 0 removed, 0 recycled; write=13.225 s, sync=0.021 s, total=13.268 s; sync files=39, longest=0.010 s, average=0.001 s; distance=892 kB, estimate=6004 kB; lsn=0/795B9BD0, redo lsn=0/795B9B78
postgres-1  | 2026-08-21 22:39:39.114 UTC [76] LOG:  checkpoint starting: time
postgres-1  | 2026-08-21 22:39:51.757 UTC [76] LOG:  checkpoint complete: wrote 126 buffers (0.8%), wrote 1 SLRU buffers; 0 WAL file(s) added, 0 removed, 0 recycled; write=12.623 s, sync=0.016 s, total=12.644 s; sync files=37, longest=0.013 s, average=0.001 s; distance=819 kB, estimate=5485 kB; lsn=0/79686B08, redo lsn=0/79686A78
postgres-1  | 2026-08-21 22:44:39.854 UTC [76] LOG:  checkpoint starting: time
postgres-1  | 2026-08-21 22:44:51.098 UTC [76] LOG:  checkpoint complete: wrote 112 buffers (0.7%), wrote 1 SLRU buffers; 0 WAL file(s) added, 0 removed, 0 recycled; write=11.219 s, sync=0.013 s, total=11.244 s; sync files=37, longest=0.009 s, average=0.001 s; distance=732 kB, estimate=5010 kB; lsn=0/7973DBB8, redo lsn=0/7973DB60
postgres-1  | 2026-08-21 22:49:39.154 UTC [76] LOG:  checkpoint starting: time
postgres-1  | 2026-08-21 22:49:51.101 UTC [76] LOG:  checkpoint complete: wrote 119 buffers (0.7%), wrote 1 SLRU buffers; 0 WAL file(s) added, 0 removed, 0 recycled; write=11.921 s, sync=0.012 s, total=11.947 s; sync files=36, longest=0.010 s, average=0.001 s; distance=805 kB, estimate=4589 kB; lsn=0/798071C0, redo lsn=0/79807168
postgres-1  | 2026-08-21 22:54:39.196 UTC [76] LOG:  checkpoint starting: time
postgres-1  | 2026-08-21 22:54:47.135 UTC [76] LOG:  checkpoint complete: wrote 79 buffers (0.5%), wrote 1 SLRU buffers; 0 WAL file(s) added, 0 removed, 0 recycled; write=7.914 s, sync=0.011 s, total=7.940 s; sync files=33, longest=0.010 s, average=0.001 s; distance=488 kB, estimate=4179 kB; lsn=0/79882A98, redo lsn=0/798814E8
postgres-1  | 2026-08-21 22:59:39.198 UTC [76] LOG:  checkpoint starting: time
postgres-1  | 2026-08-21 22:59:44.930 UTC [76] LOG:  checkpoint complete: wrote 57 buffers (0.3%), wrote 1 SLRU buffers; 0 WAL file(s) added, 0 removed, 0 recycled; write=5.714 s, sync=0.014 s, total=5.732 s; sync files=32, longest=0.009 s, average=0.001 s; distance=351 kB, estimate=3797 kB; lsn=0/798D93F0, redo lsn=0/798D9360
postgres-1  | 2026-08-21 23:04:40.018 UTC [76] LOG:  checkpoint starting: time
postgres-1  | 2026-08-21 23:05:17.507 UTC [76] LOG:  checkpoint complete: wrote 374 buffers (2.3%), wrote 1 SLRU buffers; 0 WAL file(s) added, 0 removed, 0 recycled; write=37.462 s, sync=0.014 s, total=37.489 s; sync files=40, longest=0.009 s, average=0.001 s; distance=2377 kB, estimate=3655 kB; lsn=0/79B387B0, redo lsn=0/79B2BA00
postgres-1  | 2026-08-21 23:09:40.592 UTC [76] LOG:  checkpoint starting: time
postgres-1  | 2026-08-21 23:09:43.221 UTC [76] LOG:  checkpoint complete: wrote 26 buffers (0.2%), wrote 1 SLRU buffers; 0 WAL file(s) added, 0 removed, 0 recycled; write=2.607 s, sync=0.012 s, total=2.630 s; sync files=18, longest=0.010 s, average=0.001 s; distance=164 kB, estimate=3306 kB; lsn=0/79B54B48, redo lsn=0/79B54AF0
postgres-1  | 2026-08-21 23:14:40.309 UTC [76] LOG:  checkpoint starting: time
postgres-1  | 2026-08-21 23:14:42.839 UTC [76] LOG:  checkpoint complete: wrote 25 buffers (0.2%), wrote 1 SLRU buffers; 0 WAL file(s) added, 0 removed, 0 recycled; write=2.506 s, sync=0.012 s, total=2.531 s; sync files=17, longest=0.011 s, average=0.001 s; distance=163 kB, estimate=2991 kB; lsn=0/79B7DA28, redo lsn=0/79B7D9D0
postgres-1  | 2026-08-21 23:19:40.908 UTC [76] LOG:  checkpoint starting: time
postgres-1  | 2026-08-21 23:19:43.339 UTC [76] LOG:  checkpoint complete: wrote 24 buffers (0.1%), wrote 1 SLRU buffers; 0 WAL file(s) added, 0 removed, 0 recycled; write=2.406 s, sync=0.014 s, total=2.431 s; sync files=16, longest=0.012 s, average=0.001 s; distance=124 kB, estimate=2705 kB; lsn=0/79B9CBB8, redo lsn=0/79B9CB60
postgres-1  | 2026-08-21 23:24:40.432 UTC [76] LOG:  checkpoint starting: time
postgres-1  | 2026-08-21 23:24:42.865 UTC [76] LOG:  checkpoint complete: wrote 24 buffers (0.1%), wrote 2 SLRU buffers; 0 WAL file(s) added, 0 removed, 0 recycled; write=2.408 s, sync=0.012 s, total=2.433 s; sync files=15, longest=0.010 s, average=0.001 s; distance=122 kB, estimate=2446 kB; lsn=0/79BBB598, redo lsn=0/79BBB540
postgres-1  | 2026-08-21 23:29:40.964 UTC [76] LOG:  checkpoint starting: time
postgres-1  | 2026-08-21 23:29:43.483 UTC [76] LOG:  checkpoint complete: wrote 25 buffers (0.2%), wrote 1 SLRU buffers; 0 WAL file(s) added, 0 removed, 0 recycled; write=2.506 s, sync=0.003 s, total=2.519 s; sync files=19, longest=0.002 s, average=0.001 s; distance=147 kB, estimate=2216 kB; lsn=0/79BE13B8, redo lsn=0/79BE0520
postgres-1  | 2026-08-21 23:34:40.557 UTC [76] LOG:  checkpoint starting: time
postgres-1  | 2026-08-21 23:34:42.879 UTC [76] LOG:  checkpoint complete: wrote 23 buffers (0.1%), wrote 1 SLRU buffers; 0 WAL file(s) added, 0 removed, 0 recycled; write=2.305 s, sync=0.004 s, total=2.322 s; sync files=16, longest=0.002 s, average=0.001 s; distance=121 kB, estimate=2007 kB; lsn=0/79BFEC58, redo lsn=0/79BFEBC8
postgres-1  | 2026-08-21 23:39:40.945 UTC [76] LOG:  checkpoint starting: time
postgres-1  | 2026-08-21 23:39:42.965 UTC [76] LOG:  checkpoint complete: wrote 20 buffers (0.1%), wrote 1 SLRU buffers; 0 WAL file(s) added, 0 removed, 0 recycled; write=2.005 s, sync=0.010 s, total=2.020 s; sync files=15, longest=0.005 s, average=0.001 s; distance=102 kB, estimate=1816 kB; lsn=0/79C18628, redo lsn=0/79C185D0
postgres-1  | 2026-08-21 23:44:41.059 UTC [76] LOG:  checkpoint starting: time
postgres-1  | 2026-08-21 23:44:43.096 UTC [76] LOG:  checkpoint complete: wrote 20 buffers (0.1%), wrote 1 SLRU buffers; 0 WAL file(s) added, 0 removed, 0 recycled; write=2.014 s, sync=0.011 s, total=2.038 s; sync files=16, longest=0.010 s, average=0.001 s; distance=115 kB, estimate=1646 kB; lsn=0/79C354D0, redo lsn=0/79C35478
postgres-1  | 2026-08-21 23:49:41.194 UTC [76] LOG:  checkpoint starting: time
postgres-1  | 2026-08-21 23:49:43.923 UTC [76] LOG:  checkpoint complete: wrote 27 buffers (0.2%), wrote 1 SLRU buffers; 0 WAL file(s) added, 0 removed, 0 recycled; write=2.706 s, sync=0.012 s, total=2.729 s; sync files=16, longest=0.011 s, average=0.001 s; distance=142 kB, estimate=1496 kB; lsn=0/79C58DA8, redo lsn=0/79C58D50
postgres-1  | 2026-08-21 23:54:42.019 UTC [76] LOG:  checkpoint starting: time
postgres-1  | 2026-08-21 23:54:44.349 UTC [76] LOG:  checkpoint complete: wrote 23 buffers (0.1%), wrote 1 SLRU buffers; 0 WAL file(s) added, 0 removed, 0 recycled; write=2.306 s, sync=0.012 s, total=2.331 s; sync files=18, longest=0.010 s, average=0.001 s; distance=131 kB, estimate=1359 kB; lsn=0/79C79B00, redo lsn=0/79C79AA8
postgres-1  | 2026-08-21 23:59:42.434 UTC [76] LOG:  checkpoint starting: time
postgres-1  | 2026-08-21 23:59:44.456 UTC [76] LOG:  checkpoint complete: wrote 20 buffers (0.1%), wrote 1 SLRU buffers; 0 WAL file(s) added, 0 removed, 0 recycled; write=2.005 s, sync=0.011 s, total=2.022 s; sync files=16, longest=0.010 s, average=0.001 s; distance=112 kB, estimate=1235 kB; lsn=0/79C95D40, redo lsn=0/79C95CE8
postgres-1  | 2026-08-22 00:04:42.554 UTC [76] LOG:  checkpoint starting: time
postgres-1  | 2026-08-22 00:04:44.880 UTC [76] LOG:  checkpoint complete: wrote 23 buffers (0.1%), wrote 1 SLRU buffers; 0 WAL file(s) added, 0 removed, 0 recycled; write=2.306 s, sync=0.006 s, total=2.326 s; sync files=15, longest=0.003 s, average=0.001 s; distance=54 kB, estimate=1117 kB; lsn=0/79CA3618, redo lsn=0/79CA35C0
postgres-1  | 2026-08-22 00:09:42.972 UTC [76] LOG:  checkpoint starting: time
postgres-1  | 2026-08-22 00:09:44.795 UTC [76] LOG:  checkpoint complete: wrote 18 buffers (0.1%), wrote 1 SLRU buffers; 0 WAL file(s) added, 0 removed, 0 recycled; write=1.808 s, sync=0.011 s, total=1.823 s; sync files=16, longest=0.010 s, average=0.001 s; distance=75 kB, estimate=1012 kB; lsn=0/79CB64C0, redo lsn=0/79CB6468
postgres-1  | 2026-08-22 00:14:42.890 UTC [76] LOG:  checkpoint starting: time
postgres-1  | 2026-08-22 00:14:45.729 UTC [76] LOG:  checkpoint complete: wrote 28 buffers (0.2%), wrote 1 SLRU buffers; 0 WAL file(s) added, 0 removed, 0 recycled; write=2.814 s, sync=0.012 s, total=2.839 s; sync files=23, longest=0.010 s, average=0.001 s; distance=141 kB, estimate=925 kB; lsn=0/79CD99B8, redo lsn=0/79CD9960
postgres-1  | 2026-08-22 00:19:42.798 UTC [76] LOG:  checkpoint starting: time
postgres-1  | 2026-08-22 00:19:45.228 UTC [76] LOG:  checkpoint complete: wrote 24 buffers (0.1%), wrote 1 SLRU buffers; 0 WAL file(s) added, 0 removed, 0 recycled; write=2.406 s, sync=0.011 s, total=2.430 s; sync files=18, longest=0.010 s, average=0.001 s; distance=108 kB, estimate=843 kB; lsn=0/79CF4C18, redo lsn=0/79CF4BC0
postgres-1  | 2026-08-22 00:24:42.299 UTC [76] LOG:  checkpoint starting: time
postgres-1  | 2026-08-22 00:24:45.224 UTC [76] LOG:  checkpoint complete: wrote 29 buffers (0.2%), wrote 1 SLRU buffers; 0 WAL file(s) added, 0 removed, 0 recycled; write=2.907 s, sync=0.012 s, total=2.925 s; sync files=22, longest=0.010 s, average=0.001 s; distance=147 kB, estimate=774 kB; lsn=0/79D19BB0, redo lsn=0/79D19B58
postgres-1  | 2026-08-22 00:29:42.323 UTC [76] LOG:  checkpoint starting: time
postgres-1  | 2026-08-22 00:29:44.160 UTC [76] LOG:  checkpoint complete: wrote 18 buffers (0.1%), wrote 1 SLRU buffers; 0 WAL file(s) added, 0 removed, 0 recycled; write=1.805 s, sync=0.020 s, total=1.837 s; sync files=16, longest=0.019 s, average=0.002 s; distance=86 kB, estimate=705 kB; lsn=0/79D2F4A0, redo lsn=0/79D2F448
postgres-1  | 2026-08-22 00:34:42.258 UTC [76] LOG:  checkpoint starting: time
postgres-1  | 2026-08-22 00:34:44.086 UTC [76] LOG:  checkpoint complete: wrote 18 buffers (0.1%), wrote 1 SLRU buffers; 0 WAL file(s) added, 0 removed, 0 recycled; write=1.806 s, sync=0.004 s, total=1.829 s; sync files=15, longest=0.002 s, average=0.001 s; distance=84 kB, estimate=643 kB; lsn=0/79D44800, redo lsn=0/79D447A8
postgres-1  | 2026-08-22 00:39:42.162 UTC [76] LOG:  checkpoint starting: time
postgres-1  | 2026-08-22 00:39:45.385 UTC [76] LOG:  checkpoint complete: wrote 32 buffers (0.2%), wrote 1 SLRU buffers; 0 WAL file(s) added, 0 removed, 0 recycled; write=3.207 s, sync=0.003 s, total=3.223 s; sync files=23, longest=0.002 s, average=0.001 s; distance=190 kB, estimate=598 kB; lsn=0/79D74248, redo lsn=0/79D741F0
postgres-1  | 2026-08-22 00:44:42.424 UTC [76] LOG:  checkpoint starting: time
postgres-1  | 2026-08-22 00:44:45.160 UTC [76] LOG:  checkpoint complete: wrote 27 buffers (0.2%), wrote 1 SLRU buffers; 0 WAL file(s) added, 0 removed, 0 recycled; write=2.706 s, sync=0.012 s, total=2.736 s; sync files=19, longest=0.010 s, average=0.001 s; distance=126 kB, estimate=551 kB; lsn=0/79D93DB0, redo lsn=0/79D93D58
postgres-1  | 2026-08-22 00:49:42.256 UTC [76] LOG:  checkpoint starting: time
postgres-1  | 2026-08-22 00:49:46.303 UTC [76] LOG:  checkpoint complete: wrote 40 buffers (0.2%), wrote 1 SLRU buffers; 0 WAL file(s) added, 0 removed, 0 recycled; write=4.022 s, sync=0.011 s, total=4.047 s; sync files=23, longest=0.009 s, average=0.001 s; distance=221 kB, estimate=518 kB; lsn=0/79DCB5A8, redo lsn=0/79DCB550
postgres-1  | 2026-08-22 00:54:42.315 UTC [76] LOG:  checkpoint starting: time
postgres-1  | 2026-08-22 00:54:46.446 UTC [76] LOG:  checkpoint complete: wrote 41 buffers (0.3%), wrote 1 SLRU buffers; 0 WAL file(s) added, 0 removed, 0 recycled; write=4.109 s, sync=0.011 s, total=4.131 s; sync files=22, longest=0.009 s, average=0.001 s; distance=253 kB, estimate=491 kB; lsn=0/79E0AAA8, redo lsn=0/79E0AA50
postgres-1  | 2026-08-22 00:59:42.508 UTC [76] LOG:  checkpoint starting: time
postgres-1  | 2026-08-22 00:59:44.742 UTC [76] LOG:  checkpoint complete: wrote 22 buffers (0.1%), wrote 1 SLRU buffers; 0 WAL file(s) added, 0 removed, 0 recycled; write=2.206 s, sync=0.011 s, total=2.235 s; sync files=16, longest=0.010 s, average=0.001 s; distance=108 kB, estimate=453 kB; lsn=0/79E25E40, redo lsn=0/79E25DE8
postgres-1  | 2026-08-22 01:04:42.835 UTC [76] LOG:  checkpoint starting: time
postgres-1  | 2026-08-22 01:04:46.260 UTC [76] LOG:  checkpoint complete: wrote 34 buffers (0.2%), wrote 1 SLRU buffers; 0 WAL file(s) added, 0 removed, 0 recycled; write=3.407 s, sync=0.003 s, total=3.426 s; sync files=21, longest=0.002 s, average=0.001 s; distance=207 kB, estimate=428 kB; lsn=0/79E59D18, redo lsn=0/79E59C88
postgres-1  | 2026-08-22 01:09:42.359 UTC [76] LOG:  checkpoint starting: time
postgres-1  | 2026-08-22 01:09:44.480 UTC [76] LOG:  checkpoint complete: wrote 21 buffers (0.1%), wrote 1 SLRU buffers; 0 WAL file(s) added, 0 removed, 0 recycled; write=2.106 s, sync=0.011 s, total=2.121 s; sync files=16, longest=0.010 s, average=0.001 s; distance=112 kB, estimate=397 kB; lsn=0/79E75E50, redo lsn=0/79E75DF8
postgres-1  | 2026-08-22 01:14:42.564 UTC [76] LOG:  checkpoint starting: time
postgres-1  | 2026-08-22 01:14:44.984 UTC [76] LOG:  checkpoint complete: wrote 24 buffers (0.1%), wrote 1 SLRU buffers; 0 WAL file(s) added, 0 removed, 0 recycled; write=2.406 s, sync=0.011 s, total=2.421 s; sync files=19, longest=0.010 s, average=0.001 s; distance=144 kB, estimate=371 kB; lsn=0/79E99F80, redo lsn=0/79E99F28
postgres-1  | 2026-08-22 01:19:43.033 UTC [76] LOG:  checkpoint starting: time
postgres-1  | 2026-08-22 01:19:44.969 UTC [76] LOG:  checkpoint complete: wrote 19 buffers (0.1%), wrote 1 SLRU buffers; 0 WAL file(s) added, 0 removed, 0 recycled; write=1.909 s, sync=0.011 s, total=1.936 s; sync files=17, longest=0.009 s, average=0.001 s; distance=105 kB, estimate=345 kB; lsn=0/79EB46F8, redo lsn=0/79EB46A0
postgres-1  | 2026-08-22 01:24:44.026 UTC [76] LOG:  checkpoint starting: time
postgres-1  | 2026-08-22 01:24:48.366 UTC [76] LOG:  checkpoint complete: wrote 43 buffers (0.3%), wrote 1 SLRU buffers; 0 WAL file(s) added, 0 removed, 0 recycled; write=4.317 s, sync=0.011 s, total=4.340 s; sync files=23, longest=0.010 s, average=0.001 s; distance=233 kB, estimate=334 kB; lsn=0/79EEEB48, redo lsn=0/79EEEAF0
postgres-1  | 2026-08-22 01:29:44.456 UTC [76] LOG:  checkpoint starting: time
postgres-1  | 2026-08-22 01:29:46.677 UTC [76] LOG:  checkpoint complete: wrote 22 buffers (0.1%), wrote 1 SLRU buffers; 0 WAL file(s) added, 0 removed, 0 recycled; write=2.206 s, sync=0.004 s, total=2.221 s; sync files=16, longest=0.003 s, average=0.001 s; distance=108 kB, estimate=311 kB; lsn=0/79F09CD8, redo lsn=0/79F09C80
postgres-1  | 2026-08-22 01:34:44.774 UTC [76] LOG:  checkpoint starting: time
postgres-1  | 2026-08-22 01:34:47.309 UTC [76] LOG:  checkpoint complete: wrote 25 buffers (0.2%), wrote 1 SLRU buffers; 0 WAL file(s) added, 0 removed, 0 recycled; write=2.507 s, sync=0.011 s, total=2.535 s; sync files=16, longest=0.010 s, average=0.001 s; distance=115 kB, estimate=291 kB; lsn=0/79F269D8, redo lsn=0/79F26980
postgres-1  | 2026-08-22 01:39:44.403 UTC [76] LOG:  checkpoint starting: time
postgres-1  | 2026-08-22 01:39:46.834 UTC [76] LOG:  checkpoint complete: wrote 24 buffers (0.1%), wrote 1 SLRU buffers; 0 WAL file(s) added, 0 removed, 0 recycled; write=2.407 s, sync=0.012 s, total=2.432 s; sync files=18, longest=0.010 s, average=0.001 s; distance=129 kB, estimate=275 kB; lsn=0/79F46E88, redo lsn=0/79F46DF8
postgres-1  | 2026-08-22 01:44:44.932 UTC [76] LOG:  checkpoint starting: time
postgres-1  | 2026-08-22 01:44:48.472 UTC [76] LOG:  checkpoint complete: wrote 35 buffers (0.2%), wrote 1 SLRU buffers; 0 WAL file(s) added, 0 removed, 0 recycled; write=3.516 s, sync=0.012 s, total=3.541 s; sync files=22, longest=0.009 s, average=0.001 s; distance=208 kB, estimate=268 kB; lsn=0/79F7B1D0, redo lsn=0/79F7B140
postgres-1  | 2026-08-22 01:49:44.549 UTC [76] LOG:  checkpoint starting: time
postgres-1  | 2026-08-22 01:49:49.381 UTC [76] LOG:  checkpoint complete: wrote 48 buffers (0.3%), wrote 1 SLRU buffers; 0 WAL file(s) added, 0 removed, 0 recycled; write=4.810 s, sync=0.011 s, total=4.833 s; sync files=25, longest=0.010 s, average=0.001 s; distance=308 kB, estimate=308 kB; lsn=0/79FC81A0, redo lsn=0/79FC8148
postgres-1  | 2026-08-22 01:54:44.466 UTC [76] LOG:  checkpoint starting: time
postgres-1  | 2026-08-22 01:54:46.807 UTC [76] LOG:  checkpoint complete: wrote 23 buffers (0.1%), wrote 1 SLRU buffers; 0 WAL file(s) added, 0 removed, 0 recycled; write=2.306 s, sync=0.020 s, total=2.341 s; sync files=17, longest=0.019 s, average=0.002 s; distance=116 kB, estimate=288 kB; lsn=0/79FE5560, redo lsn=0/79FE54D0
postgres-1  | 2026-08-22 01:59:44.850 UTC [76] LOG:  checkpoint starting: time
postgres-1  | 2026-08-22 01:59:46.880 UTC [76] LOG:  checkpoint complete: wrote 20 buffers (0.1%), wrote 1 SLRU buffers; 0 WAL file(s) added, 0 removed, 1 recycled; write=2.005 s, sync=0.011 s, total=2.031 s; sync files=17, longest=0.010 s, average=0.001 s; distance=116 kB, estimate=271 kB; lsn=0/7A002560, redo lsn=0/7A002508
postgres-1  | 2026-08-22 02:04:44.978 UTC [76] LOG:  checkpoint starting: time
postgres-1  | 2026-08-22 02:04:49.619 UTC [76] LOG:  checkpoint complete: wrote 46 buffers (0.3%), wrote 1 SLRU buffers; 0 WAL file(s) added, 0 removed, 0 recycled; write=4.617 s, sync=0.011 s, total=4.641 s; sync files=24, longest=0.010 s, average=0.001 s; distance=274 kB, estimate=274 kB; lsn=0/7A0478D0, redo lsn=0/7A047050
postgres-1  | 2026-08-22 02:09:44.718 UTC [76] LOG:  checkpoint starting: time
postgres-1  | 2026-08-22 02:09:46.834 UTC [76] LOG:  checkpoint complete: wrote 21 buffers (0.1%), wrote 1 SLRU buffers; 0 WAL file(s) added, 0 removed, 0 recycled; write=2.107 s, sync=0.004 s, total=2.116 s; sync files=16, longest=0.003 s, average=0.001 s; distance=104 kB, estimate=257 kB; lsn=0/7A061310, redo lsn=0/7A0612B8
postgres-1  | 2026-08-22 02:14:44.843 UTC [76] LOG:  checkpoint starting: time
postgres-1  | 2026-08-22 02:14:47.273 UTC [76] LOG:  checkpoint complete: wrote 24 buffers (0.1%), wrote 1 SLRU buffers; 0 WAL file(s) added, 0 removed, 0 recycled; write=2.406 s, sync=0.011 s, total=2.431 s; sync files=17, longest=0.010 s, average=0.001 s; distance=127 kB, estimate=244 kB; lsn=0/7A080FA0, redo lsn=0/7A080F10
postgres-1  | 2026-08-22 02:19:44.278 UTC [76] LOG:  checkpoint starting: time
postgres-1  | 2026-08-22 02:19:46.801 UTC [76] LOG:  checkpoint complete: wrote 25 buffers (0.2%), wrote 1 SLRU buffers; 0 WAL file(s) added, 0 removed, 0 recycled; write=2.507 s, sync=0.012 s, total=2.523 s; sync files=18, longest=0.010 s, average=0.001 s; distance=138 kB, estimate=234 kB; lsn=0/7A0A3A30, redo lsn=0/7A0A39D8
postgres-1  | 2026-08-22 02:24:44.824 UTC [76] LOG:  checkpoint starting: time
postgres-1  | 2026-08-22 02:24:49.166 UTC [76] LOG:  checkpoint complete: wrote 43 buffers (0.3%), wrote 1 SLRU buffers; 0 WAL file(s) added, 0 removed, 0 recycled; write=4.319 s, sync=0.011 s, total=4.342 s; sync files=24, longest=0.010 s, average=0.001 s; distance=256 kB, estimate=256 kB; lsn=0/7A0E3A50, redo lsn=0/7A0E39F8
postgres-1  | 2026-08-22 02:29:44.266 UTC [76] LOG:  checkpoint starting: time
postgres-1  | 2026-08-22 02:29:52.630 UTC [76] LOG:  checkpoint complete: wrote 83 buffers (0.5%), wrote 1 SLRU buffers; 0 WAL file(s) added, 0 removed, 0 recycled; write=8.337 s, sync=0.013 s, total=8.364 s; sync files=45, longest=0.010 s, average=0.001 s; distance=533 kB, estimate=533 kB; lsn=0/7A182E90, redo lsn=0/7A168FB0
postgres-1  | 2026-08-22 02:34:44.711 UTC [76] LOG:  checkpoint starting: time
postgres-1  | 2026-08-22 02:34:54.349 UTC [76] LOG:  checkpoint complete: wrote 96 buffers (0.6%), wrote 1 SLRU buffers; 0 WAL file(s) added, 0 removed, 0 recycled; write=9.622 s, sync=0.005 s, total=9.638 s; sync files=47, longest=0.002 s, average=0.001 s; distance=583 kB, estimate=583 kB; lsn=0/7A228A18, redo lsn=0/7A1FAF60
postgres-1  | 2026-08-22 02:39:44.350 UTC [76] LOG:  checkpoint starting: time
postgres-1  | 2026-08-22 02:39:52.904 UTC [76] LOG:  checkpoint complete: wrote 85 buffers (0.5%), wrote 1 SLRU buffers; 0 WAL file(s) added, 0 removed, 0 recycled; write=8.521 s, sync=0.018 s, total=8.554 s; sync files=30, longest=0.014 s, average=0.001 s; distance=612 kB, estimate=612 kB; lsn=0/7A2BEF38, redo lsn=0/7A294060
postgres-1  | 2026-08-22 02:44:44.973 UTC [76] LOG:  checkpoint starting: time
postgres-1  | 2026-08-22 02:44:52.834 UTC [76] LOG:  checkpoint complete: wrote 78 buffers (0.5%), wrote 1 SLRU buffers; 0 WAL file(s) added, 0 removed, 0 recycled; write=7.837 s, sync=0.012 s, total=7.862 s; sync files=40, longest=0.009 s, average=0.001 s; distance=476 kB, estimate=598 kB; lsn=0/7A33B260, redo lsn=0/7A30B208
postgres-1  | 2026-08-22 02:49:44.914 UTC [76] LOG:  checkpoint starting: time
postgres-1  | 2026-08-22 02:49:55.170 UTC [76] LOG:  checkpoint complete: wrote 102 buffers (0.6%), wrote 1 SLRU buffers; 0 WAL file(s) added, 0 removed, 0 recycled; write=10.237 s, sync=0.004 s, total=10.257 s; sync files=47, longest=0.002 s, average=0.001 s; distance=680 kB, estimate=680 kB; lsn=0/7A3F2760, redo lsn=0/7A3B5248
postgres-1  | 2026-08-22 02:54:44.268 UTC [76] LOG:  checkpoint starting: time
postgres-1  | 2026-08-22 02:54:52.632 UTC [76] LOG:  checkpoint complete: wrote 83 buffers (0.5%), wrote 1 SLRU buffers; 0 WAL file(s) added, 0 removed, 0 recycled; write=8.321 s, sync=0.032 s, total=8.365 s; sync files=44, longest=0.011 s, average=0.001 s; distance=530 kB, estimate=665 kB; lsn=0/7A479D08, redo lsn=0/7A439C48
postgres-1  | 2026-08-22 02:59:44.711 UTC [76] LOG:  checkpoint starting: time
postgres-1  | 2026-08-22 02:59:54.167 UTC [76] LOG:  checkpoint complete: wrote 94 buffers (0.6%), wrote 1 SLRU buffers; 0 WAL file(s) added, 0 removed, 0 recycled; write=9.419 s, sync=0.025 s, total=9.457 s; sync files=41, longest=0.012 s, average=0.001 s; distance=638 kB, estimate=662 kB; lsn=0/7A53BDB0, redo lsn=0/7A4D9790
postgres-1  | 2026-08-22 03:04:44.256 UTC [76] LOG:  checkpoint starting: time
postgres-1  | 2026-08-22 03:05:01.639 UTC [76] LOG:  checkpoint complete: wrote 173 buffers (1.1%), wrote 1 SLRU buffers; 0 WAL file(s) added, 0 removed, 0 recycled; write=17.334 s, sync=0.020 s, total=17.383 s; sync files=48, longest=0.009 s, average=0.001 s; distance=1245 kB, estimate=1245 kB; lsn=0/7A67C678, redo lsn=0/7A610B90
postgres-1  | 2026-08-22 03:09:44.708 UTC [76] LOG:  checkpoint starting: time
postgres-1  | 2026-08-22 03:10:00.674 UTC [76] LOG:  checkpoint complete: wrote 159 buffers (1.0%), wrote 1 SLRU buffers; 0 WAL file(s) added, 0 removed, 0 recycled; write=15.939 s, sync=0.015 s, total=15.966 s; sync files=42, longest=0.011 s, average=0.001 s; distance=1217 kB, estimate=1242 kB; lsn=0/7A7CA118, redo lsn=0/7A741128
postgres-1  | 2026-08-22 03:14:44.773 UTC [76] LOG:  checkpoint starting: time
postgres-1  | 2026-08-22 03:15:01.027 UTC [76] LOG:  checkpoint complete: wrote 162 buffers (1.0%), wrote 1 SLRU buffers; 0 WAL file(s) added, 0 removed, 0 recycled; write=16.231 s, sync=0.018 s, total=16.254 s; sync files=46, longest=0.012 s, average=0.001 s; distance=1262 kB, estimate=1262 kB; lsn=0/7A8FEF10, redo lsn=0/7A87CAB0
postgres-1  | 2026-08-22 03:19:44.126 UTC [76] LOG:  checkpoint starting: time
postgres-1  | 2026-08-22 03:20:04.889 UTC [76] LOG:  checkpoint complete: wrote 207 buffers (1.3%), wrote 1 SLRU buffers; 0 WAL file(s) added, 0 removed, 0 recycled; write=20.738 s, sync=0.012 s, total=20.764 s; sync files=46, longest=0.009 s, average=0.001 s; distance=1619 kB, estimate=1619 kB; lsn=0/7AA9A5A0, redo lsn=0/7AA11710
postgres-1  | 2026-08-22 03:24:44.957 UTC [76] LOG:  checkpoint starting: time
postgres-1  | 2026-08-22 03:25:10.237 UTC [76] LOG:  checkpoint complete: wrote 252 buffers (1.5%), wrote 1 SLRU buffers; 0 WAL file(s) added, 0 removed, 0 recycled; write=25.250 s, sync=0.017 s, total=25.281 s; sync files=50, longest=0.014 s, average=0.001 s; distance=1982 kB, estimate=1982 kB; lsn=0/7ACCE9F8, redo lsn=0/7AC010C8
postgres-1  | 2026-08-22 03:29:44.257 UTC [76] LOG:  checkpoint starting: time
postgres-1  | 2026-08-22 03:30:09.632 UTC [76] LOG:  checkpoint complete: wrote 253 buffers (1.5%), wrote 1 SLRU buffers; 0 WAL file(s) added, 0 removed, 0 recycled; write=25.348 s, sync=0.014 s, total=25.375 s; sync files=49, longest=0.009 s, average=0.001 s; distance=2035 kB, estimate=2035 kB; lsn=0/7AEAFC18, redo lsn=0/7ADFDEA8
postgres-1  | 2026-08-22 03:34:44.727 UTC [76] LOG:  checkpoint starting: time
postgres-1  | 2026-08-22 03:35:06.408 UTC [76] LOG:  checkpoint complete: wrote 216 buffers (1.3%), wrote 1 SLRU buffers; 0 WAL file(s) added, 0 removed, 0 recycled; write=21.653 s, sync=0.015 s, total=21.682 s; sync files=47, longest=0.009 s, average=0.001 s; distance=1663 kB, estimate=1998 kB; lsn=0/7B06DE38, redo lsn=0/7AF9DE18
postgres-1  | 2026-08-22 03:39:44.504 UTC [76] LOG:  checkpoint starting: time
postgres-1  | 2026-08-22 03:40:14.184 UTC [76] LOG:  checkpoint complete: wrote 296 buffers (1.8%), wrote 1 SLRU buffers; 0 WAL file(s) added, 0 removed, 1 recycled; write=29.651 s, sync=0.017 s, total=29.681 s; sync files=49, longest=0.009 s, average=0.001 s; distance=2404 kB, estimate=2404 kB; lsn=0/7B2FA0A8, redo lsn=0/7B1F71E8
postgres-1  | 2026-08-22 03:44:44.282 UTC [76] LOG:  checkpoint starting: time
postgres-1  | 2026-08-22 03:45:14.059 UTC [76] LOG:  checkpoint complete: wrote 297 buffers (1.8%), wrote 1 SLRU buffers; 0 WAL file(s) added, 0 removed, 0 recycled; write=29.754 s, sync=0.012 s, total=29.777 s; sync files=49, longest=0.009 s, average=0.001 s; distance=2419 kB, estimate=2419 kB; lsn=0/7B5314E8, redo lsn=0/7B4540E8
postgres-1  | 2026-08-22 03:49:44.145 UTC [76] LOG:  checkpoint starting: time
postgres-1  | 2026-08-22 03:50:30.252 UTC [76] LOG:  checkpoint complete: wrote 460 buffers (2.8%), wrote 1 SLRU buffers; 0 WAL file(s) added, 0 removed, 0 recycled; write=46.085 s, sync=0.018 s, total=46.108 s; sync files=49, longest=0.009 s, average=0.001 s; distance=3674 kB, estimate=3674 kB; lsn=0/7B96C6F0, redo lsn=0/7B7EA920
postgres-1  | 2026-08-22 03:54:44.352 UTC [76] LOG:  checkpoint starting: time
postgres-1  | 2026-08-22 03:55:18.060 UTC [76] LOG:  checkpoint complete: wrote 336 buffers (2.1%), wrote 1 SLRU buffers; 0 WAL file(s) added, 0 removed, 0 recycled; write=33.667 s, sync=0.027 s, total=33.708 s; sync files=52, longest=0.012 s, average=0.001 s; distance=2814 kB, estimate=3588 kB; lsn=0/7BBC3C00, redo lsn=0/7BAAA258
postgres-1  | 2026-08-22 03:59:44.143 UTC [76] LOG:  checkpoint starting: time
postgres-1  | 2026-08-22 04:00:25.536 UTC [76] LOG:  checkpoint complete: wrote 413 buffers (2.5%), wrote 2 SLRU buffers; 0 WAL file(s) added, 0 removed, 0 recycled; write=41.378 s, sync=0.003 s, total=41.393 s; sync files=52, longest=0.001 s, average=0.001 s; distance=3430 kB, estimate=3572 kB; lsn=0/7BF33348, redo lsn=0/7BE03DD8
postgres-1  | 2026-08-22 04:04:44.618 UTC [76] LOG:  checkpoint starting: time
postgres-1  | 2026-08-22 04:05:21.121 UTC [76] LOG:  checkpoint complete: wrote 364 buffers (2.2%), wrote 1 SLRU buffers; 0 WAL file(s) added, 0 removed, 1 recycled; write=36.486 s, sync=0.003 s, total=36.504 s; sync files=52, longest=0.001 s, average=0.001 s; distance=3029 kB, estimate=3518 kB; lsn=0/7C227E10, redo lsn=0/7C0F95B0
postgres-1  | 2026-08-22 04:09:44.218 UTC [76] LOG:  checkpoint starting: time
postgres-1  | 2026-08-22 04:10:25.531 UTC [76] LOG:  checkpoint complete: wrote 412 buffers (2.5%), wrote 1 SLRU buffers; 0 WAL file(s) added, 0 removed, 0 recycled; write=41.284 s, sync=0.016 s, total=41.313 s; sync files=53, longest=0.009 s, average=0.001 s; distance=3453 kB, estimate=3511 kB; lsn=0/7C5F7520, redo lsn=0/7C458D08
postgres-1  | 2026-08-22 04:14:44.631 UTC [76] LOG:  checkpoint starting: time
postgres-1  | 2026-08-22 04:15:22.440 UTC [76] LOG:  checkpoint complete: wrote 377 buffers (2.3%), wrote 1 SLRU buffers; 0 WAL file(s) added, 0 removed, 0 recycled; write=37.781 s, sync=0.016 s, total=37.809 s; sync files=60, longest=0.009 s, average=0.001 s; distance=3044 kB, estimate=3464 kB; lsn=0/7C8730A0, redo lsn=0/7C751F48
postgres-1  | 2026-08-22 04:19:44.540 UTC [76] LOG:  checkpoint starting: time
postgres-1  | 2026-08-22 04:20:23.744 UTC [76] LOG:  checkpoint complete: wrote 391 buffers (2.4%), wrote 1 SLRU buffers; 0 WAL file(s) added, 0 removed, 0 recycled; write=39.171 s, sync=0.016 s, total=39.205 s; sync files=49, longest=0.009 s, average=0.001 s; distance=3179 kB, estimate=3436 kB; lsn=0/7CB8DEC8, redo lsn=0/7CA6CD20
postgres-1  | 2026-08-22 04:24:44.841 UTC [76] LOG:  checkpoint starting: time
postgres-1  | 2026-08-22 04:25:28.031 UTC [76] LOG:  checkpoint complete: wrote 432 buffers (2.6%), wrote 1 SLRU buffers; 0 WAL file(s) added, 0 removed, 0 recycled; write=43.170 s, sync=0.008 s, total=43.190 s; sync files=52, longest=0.004 s, average=0.001 s; distance=3641 kB, estimate=3641 kB; lsn=0/7CF570F0, redo lsn=0/7CDFB238
postgres-1  | 2026-08-22 04:29:44.072 UTC [76] LOG:  checkpoint starting: time
postgres-1  | 2026-08-22 04:30:23.466 UTC [76] LOG:  checkpoint complete: wrote 393 buffers (2.4%), wrote 1 SLRU buffers; 0 WAL file(s) added, 0 removed, 1 recycled; write=39.373 s, sync=0.007 s, total=39.394 s; sync files=52, longest=0.002 s, average=0.001 s; distance=3334 kB, estimate=3610 kB; lsn=0/7D28F190, redo lsn=0/7D13CAB0
postgres-1  | 2026-08-22 04:34:44.562 UTC [76] LOG:  checkpoint starting: time
postgres-1  | 2026-08-22 04:35:24.159 UTC [76] LOG:  checkpoint complete: wrote 395 buffers (2.4%), wrote 1 SLRU buffers; 0 WAL file(s) added, 0 removed, 0 recycled; write=39.574 s, sync=0.012 s, total=39.597 s; sync files=51, longest=0.009 s, average=0.001 s; distance=3356 kB, estimate=3585 kB; lsn=0/7D5C2E88, redo lsn=0/7D483B48
postgres-1  | 2026-08-22 04:39:44.258 UTC [76] LOG:  checkpoint starting: time
postgres-1  | 2026-08-22 04:40:31.169 UTC [76] LOG:  checkpoint complete: wrote 468 buffers (2.9%), wrote 1 SLRU buffers; 0 WAL file(s) added, 0 removed, 0 recycled; write=46.891 s, sync=0.006 s, total=46.911 s; sync files=54, longest=0.003 s, average=0.001 s; distance=3925 kB, estimate=3925 kB; lsn=0/7D94B298, redo lsn=0/7D859228
postgres-1  | 2026-08-22 04:44:44.266 UTC [76] LOG:  checkpoint starting: time
postgres-1  | 2026-08-22 04:45:29.076 UTC [76] LOG:  checkpoint complete: wrote 447 buffers (2.7%), wrote 1 SLRU buffers; 0 WAL file(s) added, 0 removed, 0 recycled; write=44.783 s, sync=0.013 s, total=44.810 s; sync files=53, longest=0.010 s, average=0.001 s; distance=3796 kB, estimate=3912 kB; lsn=0/7DD6D750, redo lsn=0/7DC0E2A8
postgres-1  | 2026-08-22 04:49:44.087 UTC [76] LOG:  checkpoint starting: time
postgres-1  | 2026-08-22 04:50:25.490 UTC [76] LOG:  checkpoint complete: wrote 413 buffers (2.5%), wrote 1 SLRU buffers; 0 WAL file(s) added, 0 removed, 0 recycled; write=41.377 s, sync=0.014 s, total=41.403 s; sync files=52, longest=0.009 s, average=0.001 s; distance=3527 kB, estimate=3874 kB; lsn=0/7E0B6958, redo lsn=0/7DF7FF30
postgres-1  | 2026-08-22 04:54:44.586 UTC [76] LOG:  checkpoint starting: time
postgres-1  | 2026-08-22 04:55:22.885 UTC [76] LOG:  checkpoint complete: wrote 382 buffers (2.3%), wrote 1 SLRU buffers; 0 WAL file(s) added, 0 removed, 1 recycled; write=38.276 s, sync=0.009 s, total=38.300 s; sync files=49, longest=0.002 s, average=0.001 s; distance=3359 kB, estimate=3822 kB; lsn=0/7E454868, redo lsn=0/7E2C7CF8
postgres-1  | 2026-08-22 04:59:44.969 UTC [76] LOG:  checkpoint starting: time
postgres-1  | 2026-08-22 05:00:34.088 UTC [76] LOG:  checkpoint complete: wrote 491 buffers (3.0%), wrote 1 SLRU buffers; 0 WAL file(s) added, 0 removed, 0 recycled; write=49.096 s, sync=0.012 s, total=49.120 s; sync files=52, longest=0.009 s, average=0.001 s; distance=4270 kB, estimate=4270 kB; lsn=0/7E873A60, redo lsn=0/7E6F35D8
postgres-1  | 2026-08-22 05:04:44.188 UTC [76] LOG:  checkpoint starting: time
postgres-1  | 2026-08-22 05:05:29.796 UTC [76] LOG:  checkpoint complete: wrote 455 buffers (2.8%), wrote 1 SLRU buffers; 0 WAL file(s) added, 0 removed, 0 recycled; write=45.587 s, sync=0.014 s, total=45.609 s; sync files=53, longest=0.009 s, average=0.001 s; distance=3902 kB, estimate=4233 kB; lsn=0/7EC61F50, redo lsn=0/7EAC2FE8
postgres-1  | 2026-08-22 05:09:44.873 UTC [76] LOG:  checkpoint starting: time
postgres-1  | 2026-08-22 05:10:36.593 UTC [76] LOG:  checkpoint complete: wrote 517 buffers (3.2%), wrote 1 SLRU buffers; 0 WAL file(s) added, 0 removed, 0 recycled; write=51.706 s, sync=0.008 s, total=51.721 s; sync files=49, longest=0.002 s, average=0.001 s; distance=4385 kB, estimate=4385 kB; lsn=0/7F0BA398, redo lsn=0/7EF0B458
postgres-1  | 2026-08-22 05:14:44.681 UTC [76] LOG:  checkpoint starting: time
postgres-1  | 2026-08-22 05:15:38.207 UTC [76] LOG:  checkpoint complete: wrote 535 buffers (3.3%), wrote 1 SLRU buffers; 0 WAL file(s) added, 0 removed, 1 recycled; write=53.506 s, sync=0.008 s, total=53.527 s; sync files=51, longest=0.002 s, average=0.001 s; distance=4565 kB, estimate=4565 kB; lsn=0/7F5A77F8, redo lsn=0/7F3809B0
postgres-1  | 2026-08-22 05:19:44.299 UTC [76] LOG:  checkpoint starting: time
postgres-1  | 2026-08-22 05:20:57.255 UTC [76] LOG:  checkpoint complete: wrote 728 buffers (4.4%), wrote 1 SLRU buffers; 0 WAL file(s) added, 0 removed, 0 recycled; write=72.931 s, sync=0.012 s, total=72.956 s; sync files=50, longest=0.009 s, average=0.001 s; distance=5952 kB, estimate=5952 kB; lsn=0/7FBDC850, redo lsn=0/7F950B58
postgres-1  | 2026-08-22 05:24:44.302 UTC [76] LOG:  checkpoint starting: time
postgres-1  | 2026-08-22 05:25:33.926 UTC [76] LOG:  checkpoint complete: wrote 495 buffers (3.0%), wrote 1 SLRU buffers; 0 WAL file(s) added, 0 removed, 0 recycled; write=49.588 s, sync=0.020 s, total=49.624 s; sync files=52, longest=0.009 s, average=0.001 s; distance=4234 kB, estimate=5780 kB; lsn=0/7FF4ACA8, redo lsn=0/7FD736E8
postgres-1  | 2026-08-22 05:29:45.000 UTC [76] LOG:  checkpoint starting: time
postgres-1  | 2026-08-22 05:30:35.523 UTC [76] LOG:  checkpoint complete: wrote 505 buffers (3.1%), wrote 1 SLRU buffers; 0 WAL file(s) added, 0 removed, 1 recycled; write=50.494 s, sync=0.015 s, total=50.523 s; sync files=51, longest=0.009 s, average=0.001 s; distance=4218 kB, estimate=5624 kB; lsn=0/8038D228, redo lsn=0/801920D0
postgres-1  | 2026-08-22 05:34:44.621 UTC [76] LOG:  checkpoint starting: time
postgres-1  | 2026-08-22 05:35:31.332 UTC [76] LOG:  checkpoint complete: wrote 467 buffers (2.9%), wrote 1 SLRU buffers; 0 WAL file(s) added, 0 removed, 0 recycled; write=46.684 s, sync=0.009 s, total=46.711 s; sync files=51, longest=0.003 s, average=0.001 s; distance=3973 kB, estimate=5459 kB; lsn=0/80795FA8, redo lsn=0/80573688
postgres-1  | 2026-08-22 05:39:44.427 UTC [76] LOG:  checkpoint starting: time
postgres-1  | 2026-08-22 05:40:43.073 UTC [76] LOG:  checkpoint complete: wrote 585 buffers (3.6%), wrote 1 SLRU buffers; 0 WAL file(s) added, 0 removed, 0 recycled; write=58.610 s, sync=0.021 s, total=58.647 s; sync files=53, longest=0.009 s, average=0.001 s; distance=4836 kB, estimate=5397 kB; lsn=0/80C5ABA8, redo lsn=0/80A2C6D8
postgres-1  | 2026-08-22 05:44:44.159 UTC [76] LOG:  checkpoint starting: time
postgres-1  | 2026-08-22 05:45:41.576 UTC [76] LOG:  checkpoint complete: wrote 573 buffers (3.5%), wrote 1 SLRU buffers; 0 WAL file(s) added, 0 removed, 0 recycled; write=57.401 s, sync=0.011 s, total=57.417 s; sync files=52, longest=0.008 s, average=0.001 s; distance=4728 kB, estimate=5330 kB; lsn=0/810CF028, redo lsn=0/80ECA840
postgres-1  | 2026-08-22 05:49:44.658 UTC [76] LOG:  checkpoint starting: time
postgres-1  | 2026-08-22 05:50:41.904 UTC [76] LOG:  checkpoint complete: wrote 572 buffers (3.5%), wrote 1 SLRU buffers; 0 WAL file(s) added, 0 removed, 1 recycled; write=57.214 s, sync=0.019 s, total=57.246 s; sync files=50, longest=0.009 s, average=0.001 s; distance=4930 kB, estimate=5290 kB; lsn=0/815E32D8, redo lsn=0/8139B228
postgres-1  | 2026-08-22 05:54:44.972 UTC [76] LOG:  checkpoint starting: time
postgres-1  | 2026-08-22 05:55:43.991 UTC [76] LOG:  checkpoint complete: wrote 591 buffers (3.6%), wrote 1 SLRU buffers; 0 WAL file(s) added, 0 removed, 0 recycled; write=59.000 s, sync=0.010 s, total=59.020 s; sync files=51, longest=0.002 s, average=0.001 s; distance=4960 kB, estimate=5257 kB; lsn=0/81B19410, redo lsn=0/818735E8
postgres-1  | 2026-08-22 05:59:45.076 UTC [76] LOG:  checkpoint starting: time
postgres-1  | 2026-08-22 06:00:35.602 UTC [76] LOG:  checkpoint complete: wrote 504 buffers (3.1%), wrote 1 SLRU buffers; 0 WAL file(s) added, 0 removed, 0 recycled; write=50.496 s, sync=0.014 s, total=50.527 s; sync files=48, longest=0.009 s, average=0.001 s; distance=4317 kB, estimate=5163 kB; lsn=0/81E83AC0, redo lsn=0/81CAAD38
postgres-1  | 2026-08-22 06:04:45.670 UTC [76] LOG:  checkpoint starting: time
postgres-1  | 2026-08-22 06:06:00.718 UTC [76] LOG:  checkpoint complete: wrote 750 buffers (4.6%), wrote 1 SLRU buffers; 0 WAL file(s) added, 0 removed, 1 recycled; write=75.029 s, sync=0.004 s, total=75.048 s; sync files=51, longest=0.002 s, average=0.001 s; distance=6112 kB, estimate=6112 kB; lsn=0/82492898, redo lsn=0/822A2E10
postgres-1  | 2026-08-22 06:09:45.808 UTC [76] LOG:  checkpoint starting: time
postgres-1  | 2026-08-22 06:10:36.213 UTC [76] LOG:  checkpoint complete: wrote 504 buffers (3.1%), wrote 1 SLRU buffers; 0 WAL file(s) added, 0 removed, 0 recycled; write=50.385 s, sync=0.008 s, total=50.406 s; sync files=49, longest=0.002 s, average=0.001 s; distance=4317 kB, estimate=5932 kB; lsn=0/828C5228, redo lsn=0/826DA568
postgres-1  | 2026-08-22 06:14:45.294 UTC [76] LOG:  checkpoint starting: time
postgres-1  | 2026-08-22 06:15:50.857 UTC [76] LOG:  checkpoint complete: wrote 654 buffers (4.0%), wrote 1 SLRU buffers; 0 WAL file(s) added, 0 removed, 0 recycled; write=65.537 s, sync=0.013 s, total=65.564 s; sync files=49, longest=0.009 s, average=0.001 s; distance=5426 kB, estimate=5882 kB; lsn=0/82EE5C80, redo lsn=0/82C26E98
postgres-1  | 2026-08-22 06:19:45.956 UTC [76] LOG:  checkpoint starting: time
postgres-1  | 2026-08-22 06:20:44.620 UTC [76] LOG:  checkpoint complete: wrote 587 buffers (3.6%), wrote 1 SLRU buffers; 0 WAL file(s) added, 0 removed, 1 recycled; write=58.629 s, sync=0.019 s, total=58.665 s; sync files=51, longest=0.009 s, average=0.001 s; distance=4927 kB, estimate=5786 kB; lsn=0/8337B470, redo lsn=0/830F6DF8
postgres-1  | 2026-08-22 06:24:45.714 UTC [76] LOG:  checkpoint starting: time
postgres-1  | 2026-08-22 06:25:37.527 UTC [76] LOG:  checkpoint complete: wrote 518 buffers (3.2%), wrote 1 SLRU buffers; 0 WAL file(s) added, 0 removed, 0 recycled; write=51.783 s, sync=0.017 s, total=51.814 s; sync files=59, longest=0.009 s, average=0.001 s; distance=4422 kB, estimate=5650 kB; lsn=0/837774F0, redo lsn=0/83548910
postgres-1  | 2026-08-22 06:29:45.620 UTC [76] LOG:  checkpoint starting: time
postgres-1  | 2026-08-22 06:30:57.370 UTC [76] LOG:  checkpoint complete: wrote 717 buffers (4.4%), wrote 1 SLRU buffers; 0 WAL file(s) added, 0 removed, 0 recycled; write=71.725 s, sync=0.011 s, total=71.751 s; sync files=49, longest=0.009 s, average=0.001 s; distance=5857 kB, estimate=5857 kB; lsn=0/83D6A928, redo lsn=0/83B01018
postgres-1  | 2026-08-22 06:34:45.443 UTC [76] LOG:  checkpoint starting: time
postgres-1  | 2026-08-22 06:35:38.664 UTC [76] LOG:  checkpoint complete: wrote 531 buffers (3.2%), wrote 1 SLRU buffers; 0 WAL file(s) added, 0 removed, 0 recycled; write=53.195 s, sync=0.012 s, total=53.222 s; sync files=59, longest=0.009 s, average=0.001 s; distance=4497 kB, estimate=5721 kB; lsn=0/8419D1B0, redo lsn=0/83F65580
postgres-1  | 2026-08-22 06:39:45.762 UTC [76] LOG:  checkpoint starting: time
postgres-1  | 2026-08-22 06:40:30.178 UTC [76] LOG:  checkpoint complete: wrote 443 buffers (2.7%), wrote 1 SLRU buffers; 0 WAL file(s) added, 0 removed, 1 recycled; write=44.387 s, sync=0.004 s, total=44.416 s; sync files=50, longest=0.002 s, average=0.001 s; distance=3804 kB, estimate=5529 kB; lsn=0/84705340, redo lsn=0/8431C758
postgres-1  | 2026-08-22 06:44:45.207 UTC [76] LOG:  checkpoint starting: time
postgres-1  | 2026-08-22 06:45:57.173 UTC [76] LOG:  checkpoint complete: wrote 718 buffers (4.4%), wrote 1 SLRU buffers; 0 WAL file(s) added, 0 removed, 0 recycled; write=71.929 s, sync=0.026 s, total=71.967 s; sync files=56, longest=0.011 s, average=0.001 s; distance=5953 kB, estimate=5953 kB; lsn=0/84B4A4E0, redo lsn=0/848ECDB0
postgres-1  | 2026-08-22 06:49:45.243 UTC [76] LOG:  checkpoint starting: time
postgres-1  | 2026-08-22 06:50:36.562 UTC [76] LOG:  checkpoint complete: wrote 512 buffers (3.1%), wrote 1 SLRU buffers; 0 WAL file(s) added, 0 removed, 0 recycled; write=51.304 s, sync=0.010 s, total=51.319 s; sync files=54, longest=0.004 s, average=0.001 s; distance=4272 kB, estimate=5785 kB; lsn=0/84F4FCF8, redo lsn=0/84D19090
postgres-1  | 2026-08-22 06:54:45.661 UTC [76] LOG:  checkpoint starting: time
postgres-1  | 2026-08-22 06:55:39.497 UTC [76] LOG:  checkpoint complete: wrote 538 buffers (3.3%), wrote 1 SLRU buffers; 0 WAL file(s) added, 0 removed, 1 recycled; write=53.795 s, sync=0.018 s, total=53.837 s; sync files=60, longest=0.009 s, average=0.001 s; distance=4448 kB, estimate=5651 kB; lsn=0/853763D0, redo lsn=0/851713C8
postgres-1  | 2026-08-22 06:59:45.597 UTC [76] LOG:  checkpoint starting: time
postgres-1  | 2026-08-22 07:00:49.238 UTC [76] LOG:  checkpoint complete: wrote 636 buffers (3.9%), wrote 1 SLRU buffers; 0 WAL file(s) added, 0 removed, 0 recycled; write=63.611 s, sync=0.018 s, total=63.642 s; sync files=51, longest=0.009 s, average=0.001 s; distance=5429 kB, estimate=5629 kB; lsn=0/858F2CA8, redo lsn=0/856BE960
postgres-1  | 2026-08-22 07:04:45.337 UTC [76] LOG:  checkpoint starting: time
postgres-1  | 2026-08-22 07:05:34.450 UTC [76] LOG:  checkpoint complete: wrote 490 buffers (3.0%), wrote 1 SLRU buffers; 0 WAL file(s) added, 0 removed, 0 recycled; write=49.087 s, sync=0.014 s, total=49.114 s; sync files=52, longest=0.008 s, average=0.001 s; distance=4034 kB, estimate=5470 kB; lsn=0/85CD0CE8, redo lsn=0/85AAF528
postgres-1  | 2026-08-22 07:09:45.523 UTC [76] LOG:  checkpoint starting: time
postgres-1  | 2026-08-22 07:10:30.831 UTC [76] LOG:  checkpoint complete: wrote 452 buffers (2.8%), wrote 1 SLRU buffers; 0 WAL file(s) added, 0 removed, 0 recycled; write=45.277 s, sync=0.018 s, total=45.309 s; sync files=48, longest=0.009 s, average=0.001 s; distance=3915 kB, estimate=5314 kB; lsn=0/860748D0, redo lsn=0/85E824D8
postgres-1  | 2026-08-22 07:14:45.914 UTC [76] LOG:  checkpoint starting: time
postgres-1  | 2026-08-22 07:15:33.918 UTC [76] LOG:  checkpoint complete: wrote 480 buffers (2.9%), wrote 1 SLRU buffers; 0 WAL file(s) added, 0 removed, 1 recycled; write=47.989 s, sync=0.008 s, total=48.005 s; sync files=51, longest=0.002 s, average=0.001 s; distance=4121 kB, estimate=5195 kB; lsn=0/86458700, redo lsn=0/862889B0
postgres-1  | 2026-08-22 07:19:46.006 UTC [76] LOG:  checkpoint starting: time
postgres-1  | 2026-08-22 07:20:28.727 UTC [76] LOG:  checkpoint complete: wrote 426 buffers (2.6%), wrote 1 SLRU buffers; 0 WAL file(s) added, 0 removed, 0 recycled; write=42.683 s, sync=0.022 s, total=42.722 s; sync files=47, longest=0.009 s, average=0.001 s; distance=3568 kB, estimate=5032 kB; lsn=0/867F08A8, redo lsn=0/86604D90
postgres-1  | 2026-08-22 07:24:46.825 UTC [76] LOG:  checkpoint starting: time
postgres-1  | 2026-08-22 07:25:40.449 UTC [76] LOG:  checkpoint complete: wrote 536 buffers (3.3%), wrote 1 SLRU buffers; 0 WAL file(s) added, 0 removed, 0 recycled; write=53.590 s, sync=0.020 s, total=53.624 s; sync files=50, longest=0.009 s, average=0.001 s; distance=4547 kB, estimate=4984 kB; lsn=0/86C6D368, redo lsn=0/86A75B38
postgres-1  | 2026-08-22 07:29:46.546 UTC [76] LOG:  checkpoint starting: time
postgres-1  | 2026-08-22 07:30:34.850 UTC [76] LOG:  checkpoint complete: wrote 483 buffers (2.9%), wrote 1 SLRU buffers; 0 WAL file(s) added, 0 removed, 0 recycled; write=48.286 s, sync=0.004 s, total=48.304 s; sync files=51, longest=0.002 s, average=0.001 s; distance=4131 kB, estimate=4898 kB; lsn=0/870DB718, redo lsn=0/86E7E9E8
postgres-1  | 2026-08-22 07:34:46.922 UTC [76] LOG:  checkpoint starting: time
postgres-1  | 2026-08-22 07:35:40.469 UTC [76] LOG:  checkpoint complete: wrote 535 buffers (3.3%), wrote 1 SLRU buffers; 0 WAL file(s) added, 0 removed, 1 recycled; write=53.516 s, sync=0.011 s, total=53.548 s; sync files=49, longest=0.009 s, average=0.001 s; distance=4497 kB, estimate=4858 kB; lsn=0/874C8CC0, redo lsn=0/872E2F10
postgres-1  | 2026-08-22 07:39:46.564 UTC [76] LOG:  checkpoint starting: time
postgres-1  | 2026-08-22 07:41:00.416 UTC [76] LOG:  checkpoint complete: wrote 738 buffers (4.5%), wrote 1 SLRU buffers; 0 WAL file(s) added, 0 removed, 0 recycled; write=73.833 s, sync=0.005 s, total=73.853 s; sync files=51, longest=0.002 s, average=0.001 s; distance=5809 kB, estimate=5809 kB; lsn=0/87B188C8, redo lsn=0/8788F3C8
postgres-1  | 2026-08-22 07:44:46.514 UTC [76] LOG:  checkpoint starting: time
postgres-1  | 2026-08-22 07:45:42.757 UTC [76] LOG:  checkpoint complete: wrote 562 buffers (3.4%), wrote 1 SLRU buffers; 0 WAL file(s) added, 0 removed, 0 recycled; write=56.198 s, sync=0.031 s, total=56.243 s; sync files=53, longest=0.015 s, average=0.001 s; distance=4597 kB, estimate=5687 kB; lsn=0/87F70A50, redo lsn=0/87D0C930
postgres-1  | 2026-08-22 07:49:46.856 UTC [76] LOG:  checkpoint starting: time
postgres-1  | 2026-08-22 07:50:57.193 UTC [76] LOG:  checkpoint complete: wrote 704 buffers (4.3%), wrote 1 SLRU buffers; 0 WAL file(s) added, 0 removed, 1 recycled; write=70.317 s, sync=0.007 s, total=70.338 s; sync files=52, longest=0.002 s, average=0.001 s; distance=5756 kB, estimate=5756 kB; lsn=0/88565F78, redo lsn=0/882ABAB0
postgres-1  | 2026-08-22 07:54:46.290 UTC [76] LOG:  checkpoint starting: time
postgres-1  | 2026-08-22 07:55:34.221 UTC [76] LOG:  checkpoint complete: wrote 478 buffers (2.9%), wrote 1 SLRU buffers; 0 WAL file(s) added, 0 removed, 0 recycled; write=47.900 s, sync=0.017 s, total=47.931 s; sync files=52, longest=0.012 s, average=0.001 s; distance=4157 kB, estimate=5596 kB; lsn=0/888B2410, redo lsn=0/886BB0E0
postgres-1  | 2026-08-22 07:59:46.306 UTC [76] LOG:  checkpoint starting: time
postgres-1  | 2026-08-22 08:00:32.404 UTC [76] LOG:  checkpoint complete: wrote 460 buffers (2.8%), wrote 1 SLRU buffers; 0 WAL file(s) added, 0 removed, 0 recycled; write=46.080 s, sync=0.005 s, total=46.098 s; sync files=50, longest=0.002 s, average=0.001 s; distance=3901 kB, estimate=5426 kB; lsn=0/88CD8500, redo lsn=0/88A8A660
postgres-1  | 2026-08-22 08:04:46.494 UTC [76] LOG:  checkpoint starting: time
postgres-1  | 2026-08-22 08:05:34.513 UTC [76] LOG:  checkpoint complete: wrote 479 buffers (2.9%), wrote 1 SLRU buffers; 0 WAL file(s) added, 0 removed, 0 recycled; write=47.989 s, sync=0.016 s, total=48.020 s; sync files=48, longest=0.009 s, average=0.001 s; distance=3987 kB, estimate=5282 kB; lsn=0/890C7180, redo lsn=0/88E6F300
postgres-1  | 2026-08-22 08:09:46.580 UTC [76] LOG:  checkpoint starting: time
postgres-1  | 2026-08-22 08:10:42.913 UTC [76] LOG:  checkpoint complete: wrote 563 buffers (3.4%), wrote 1 SLRU buffers; 0 WAL file(s) added, 0 removed, 1 recycled; write=56.315 s, sync=0.013 s, total=56.334 s; sync files=52, longest=0.009 s, average=0.001 s; distance=4676 kB, estimate=5222 kB; lsn=0/89572970, redo lsn=0/89300608
postgres-1  | 2026-08-22 08:14:47.001 UTC [76] LOG:  checkpoint starting: time
postgres-1  | 2026-08-22 08:15:34.211 UTC [76] LOG:  checkpoint complete: wrote 472 buffers (2.9%), wrote 1 SLRU buffers; 0 WAL file(s) added, 0 removed, 0 recycled; write=47.182 s, sync=0.014 s, total=47.211 s; sync files=50, longest=0.010 s, average=0.001 s; distance=3953 kB, estimate=5095 kB; lsn=0/898BED90, redo lsn=0/896DCC68
postgres-1  | 2026-08-22 08:19:46.237 UTC [76] LOG:  checkpoint starting: time
postgres-1  | 2026-08-22 08:20:40.252 UTC [76] LOG:  checkpoint complete: wrote 539 buffers (3.3%), wrote 1 SLRU buffers; 0 WAL file(s) added, 0 removed, 0 recycled; write=53.987 s, sync=0.016 s, total=54.016 s; sync files=50, longest=0.009 s, average=0.001 s; distance=4353 kB, estimate=5021 kB; lsn=0/89D99FA8, redo lsn=0/89B1D170
postgres-1  | 2026-08-22 08:24:46.305 UTC [76] LOG:  checkpoint starting: time
postgres-1  | 2026-08-22 08:25:31.815 UTC [76] LOG:  checkpoint complete: wrote 454 buffers (2.8%), wrote 2 SLRU buffers; 0 WAL file(s) added, 0 removed, 0 recycled; write=45.490 s, sync=0.014 s, total=45.511 s; sync files=50, longest=0.010 s, average=0.001 s; distance=3935 kB, estimate=4912 kB; lsn=0/8A117108, redo lsn=0/89EF4E40
postgres-1  | 2026-08-22 08:29:46.892 UTC [76] LOG:  checkpoint starting: time
postgres-1  | 2026-08-22 08:30:33.011 UTC [76] LOG:  checkpoint complete: wrote 461 buffers (2.8%), wrote 1 SLRU buffers; 0 WAL file(s) added, 0 removed, 1 recycled; write=46.083 s, sync=0.019 s, total=46.120 s; sync files=49, longest=0.009 s, average=0.001 s; distance=3893 kB, estimate=4810 kB; lsn=0/8A528A58, redo lsn=0/8A2C2550
postgres-1  | 2026-08-22 08:34:46.110 UTC [76] LOG:  checkpoint starting: time
postgres-1  | 2026-08-22 08:35:41.834 UTC [76] LOG:  checkpoint complete: wrote 556 buffers (3.4%), wrote 1 SLRU buffers; 0 WAL file(s) added, 0 removed, 0 recycled; write=55.697 s, sync=0.013 s, total=55.724 s; sync files=52, longest=0.009 s, average=0.001 s; distance=4593 kB, estimate=4789 kB; lsn=0/8A8F3E48, redo lsn=0/8A73EB50
postgres-1  | 2026-08-22 08:39:46.855 UTC [76] LOG:  checkpoint starting: time
postgres-1  | 2026-08-22 08:40:33.697 UTC [76] LOG:  checkpoint complete: wrote 468 buffers (2.9%), wrote 1 SLRU buffers; 0 WAL file(s) added, 0 removed, 0 recycled; write=46.804 s, sync=0.021 s, total=46.842 s; sync files=56, longest=0.009 s, average=0.001 s; distance=3883 kB, estimate=4698 kB; lsn=0/8AD5D8E0, redo lsn=0/8AB099C0
postgres-1  | 2026-08-22 08:44:46.792 UTC [76] LOG:  checkpoint starting: time
postgres-1  | 2026-08-22 08:45:32.609 UTC [76] LOG:  checkpoint complete: wrote 458 buffers (2.8%), wrote 1 SLRU buffers; 0 WAL file(s) added, 0 removed, 0 recycled; write=45.789 s, sync=0.015 s, total=45.817 s; sync files=50, longest=0.009 s, average=0.001 s; distance=3670 kB, estimate=4595 kB; lsn=0/8AEB62A8, redo lsn=0/8AE9F248
postgres-1  | 2026-08-22 08:49:46.706 UTC [76] LOG:  checkpoint starting: time
postgres-1  | 2026-08-22 08:50:25.414 UTC [76] LOG:  checkpoint complete: wrote 387 buffers (2.4%), wrote 1 SLRU buffers; 0 WAL file(s) added, 0 removed, 1 recycled; write=38.678 s, sync=0.013 s, total=38.708 s; sync files=44, longest=0.009 s, average=0.001 s; distance=2708 kB, estimate=4406 kB; lsn=0/8B15B4D0, redo lsn=0/8B144390
postgres-1  | 2026-08-22 08:54:46.514 UTC [76] LOG:  checkpoint starting: time
postgres-1  | 2026-08-22 08:55:31.422 UTC [76] LOG:  checkpoint complete: wrote 448 buffers (2.7%), wrote 1 SLRU buffers; 0 WAL file(s) added, 0 removed, 0 recycled; write=44.884 s, sync=0.012 s, total=44.908 s; sync files=52, longest=0.002 s, average=0.001 s; distance=3647 kB, estimate=4330 kB; lsn=0/8B70D180, redo lsn=0/8B4D3FB0
postgres-1  | 2026-08-22 08:59:46.441 UTC [76] LOG:  checkpoint starting: time
postgres-1  | 2026-08-22 09:01:04.502 UTC [76] LOG:  checkpoint complete: wrote 780 buffers (4.8%), wrote 1 SLRU buffers; 0 WAL file(s) added, 0 removed, 0 recycled; write=78.044 s, sync=0.005 s, total=78.061 s; sync files=54, longest=0.002 s, average=0.001 s; distance=5967 kB, estimate=5967 kB; lsn=0/8BD36340, redo lsn=0/8BAA7C30
postgres-1  | 2026-08-22 09:04:46.576 UTC [76] LOG:  checkpoint starting: time
postgres-1  | 2026-08-22 09:05:35.385 UTC [76] LOG:  checkpoint complete: wrote 488 buffers (3.0%), wrote 1 SLRU buffers; 0 WAL file(s) added, 0 removed, 0 recycled; write=48.783 s, sync=0.014 s, total=48.809 s; sync files=53, longest=0.009 s, average=0.001 s; distance=3766 kB, estimate=5747 kB; lsn=0/8BE6D5A8, redo lsn=0/8BE55618
postgres-1  | 2026-08-22 09:09:46.471 UTC [76] LOG:  checkpoint starting: time
postgres-1  | 2026-08-22 09:10:34.893 UTC [76] LOG:  checkpoint complete: wrote 483 buffers (2.9%), wrote 1 SLRU buffers; 0 WAL file(s) added, 0 removed, 1 recycled; write=48.392 s, sync=0.017 s, total=48.422 s; sync files=50, longest=0.009 s, average=0.001 s; distance=3615 kB, estimate=5533 kB; lsn=0/8C4F88B8, redo lsn=0/8C1DD518
postgres-1  | 2026-08-22 09:14:46.948 UTC [76] LOG:  checkpoint starting: time
postgres-1  | 2026-08-22 09:15:43.992 UTC [76] LOG:  checkpoint complete: wrote 571 buffers (3.5%), wrote 1 SLRU buffers; 0 WAL file(s) added, 0 removed, 0 recycled; write=57.015 s, sync=0.017 s, total=57.045 s; sync files=54, longest=0.010 s, average=0.001 s; distance=4456 kB, estimate=5426 kB; lsn=0/8C8A46F8, redo lsn=0/8C6378E8
postgres-1  | 2026-08-22 09:19:47.057 UTC [76] LOG:  checkpoint starting: time
postgres-1  | 2026-08-22 09:20:41.491 UTC [76] LOG:  checkpoint complete: wrote 543 buffers (3.3%), wrote 1 SLRU buffers; 0 WAL file(s) added, 0 removed, 0 recycled; write=54.407 s, sync=0.016 s, total=54.435 s; sync files=50, longest=0.009 s, average=0.001 s; distance=4405 kB, estimate=5324 kB; lsn=0/8CCFBDB8, redo lsn=0/8CA84DB8
postgres-1  | 2026-08-22 09:24:47.546 UTC [76] LOG:  checkpoint starting: time
postgres-1  | 2026-08-22 09:25:33.460 UTC [76] LOG:  checkpoint complete: wrote 458 buffers (2.8%), wrote 1 SLRU buffers; 0 WAL file(s) added, 0 removed, 0 recycled; write=45.888 s, sync=0.014 s, total=45.914 s; sync files=49, longest=0.009 s, average=0.001 s; distance=3917 kB, estimate=5183 kB; lsn=0/8D0A0808, redo lsn=0/8CE583F8
postgres-1  | 2026-08-22 09:29:47.474 UTC [76] LOG:  checkpoint starting: time
postgres-1  | 2026-08-22 09:30:37.305 UTC [76] LOG:  checkpoint complete: wrote 497 buffers (3.0%), wrote 1 SLRU buffers; 0 WAL file(s) added, 0 removed, 1 recycled; write=49.809 s, sync=0.008 s, total=49.831 s; sync files=56, longest=0.002 s, average=0.001 s; distance=4331 kB, estimate=5098 kB; lsn=0/8D4D7890, redo lsn=0/8D293360
postgres-1  | 2026-08-22 09:34:47.405 UTC [76] LOG:  checkpoint starting: time
postgres-1  | 2026-08-22 09:35:39.038 UTC [76] LOG:  checkpoint complete: wrote 515 buffers (3.1%), wrote 1 SLRU buffers; 0 WAL file(s) added, 0 removed, 0 recycled; write=51.605 s, sync=0.012 s, total=51.633 s; sync files=53, longest=0.008 s, average=0.001 s; distance=4275 kB, estimate=5016 kB; lsn=0/8D927FE0, redo lsn=0/8D6C00E0
postgres-1  | 2026-08-22 09:39:47.137 UTC [76] LOG:  checkpoint starting: time
postgres-1  | 2026-08-22 09:40:34.855 UTC [76] LOG:  checkpoint complete: wrote 476 buffers (2.9%), wrote 1 SLRU buffers; 0 WAL file(s) added, 0 removed, 0 recycled; write=47.703 s, sync=0.009 s, total=47.718 s; sync files=48, longest=0.002 s, average=0.001 s; distance=3929 kB, estimate=4907 kB; lsn=0/8DCB1468, redo lsn=0/8DA96840
postgres-1  | 2026-08-22 09:44:47.954 UTC [76] LOG:  checkpoint starting: time
